{
	"__comment": "Designed by Ozzy with Cubik Studio - https://cubik.studio",
	"textures": {
		"texture": "pixelmon:items/stormbadge"
	},
	"elements": [ 	 
		{
			"__comment": "Voxels",
			"from": [ 0, 6.25, 4 ],
			"to": [ 16, 6.5, 12 ],
			"faces": {
				"down": { "uv": [ 0, 14, 4, 16 ], "texture": "#texture" },
				"up": { "uv": [ 0, 14, 4, 12 ], "texture": "#texture" },
				"north": { "uv": [ 14.1875, 15, 10.1875, 15.0625 ], "texture": "#texture" },
				"south": { "uv": [ 10.1875, 15.0625, 14.1875, 15.125 ], "texture": "#texture" },
				"west": { "uv": [ 13.75, 15.75, 15.75, 15.8125 ], "texture": "#texture" },
				"east": { "uv": [ 11, 15.5, 9, 15.5625 ], "texture": "#texture" }
			}
		},
		{
			"__comment": "Voxels",
			"from": [ 0, 6.5, 3.75 ],
			"to": [ 1.25, 7.5, 4 ],
			"faces": {
				"down": { "uv": [ 8.6875, 10.3125, 9, 10.375 ], "texture": "#texture" },
				"up": { "uv": [ 15.6875, 11.9375, 16, 11.875 ], "texture": "#texture" },
				"north": { "uv": [ 9, 12.625, 8.6875, 12.875 ], "texture": "#texture" },
				"south": { "uv": [ 8.6875, 11.8125, 9, 12.0625 ], "texture": "#texture" },
				"west": { "uv": [ 12.25, 10.5, 12.3125, 10.75 ], "texture": "#texture" },
				"east": { "uv": [ 12.3125, 10.75, 12.25, 11 ], "texture": "#texture" }
			}
		},
		{
			"__comment": "Voxels",
			"from": [ 0, 6.5, 4 ],
			"to": [ 0.25, 7.75, 12 ],
			"faces": {
				"down": { "uv": [ 7.625, 9.625, 7.6875, 11.625 ], "texture": "#texture" },
				"up": { "uv": [ 7.8125, 13.75, 7.875, 11.75 ], "texture": "#texture" },
				"north": { "uv": [ 11.625, 9.5625, 11.5625, 9.875 ], "texture": "#texture" },
				"south": { "uv": [ 11.625, 9.5625, 11.6875, 9.875 ], "texture": "#texture" },
				"west": { "uv": [ 1.75, 8.6875, 3.75, 9 ], "texture": "#texture" },
				"east": { "uv": [ 3.75, 8.375, 1.75, 8.6875 ], "texture": "#texture" }
			}
		},
		{
			"__comment": "Voxels",
			"from": [ 0, 6.5, 12 ],
			"to": [ 1.25, 7.5, 12.25 ],
			"faces": {
				"down": { "uv": [ 11.75, 9.125, 12.0625, 9.1875 ], "texture": "#texture" },
				"up": { "uv": [ 11.75, 9.125, 12.0625, 9.0625 ], "texture": "#texture" },
				"north": { "uv": [ 9, 11.5625, 8.6875, 11.8125 ], "texture": "#texture" },
				"south": { "uv": [ 8.6875, 11.3125, 9, 11.5625 ], "texture": "#texture" },
				"west": { "uv": [ 12.25, 11, 12.3125, 11.25 ], "texture": "#texture" },
				"east": { "uv": [ 12.3125, 11.25, 12.25, 11.5 ], "texture": "#texture" }
			}
		},
		{
			"__comment": "Voxels",
			"from": [ 0.25, 7.25, 4 ],
			"to": [ 2, 7.75, 5 ],
			"faces": {
				"down": { "uv": [ 6.5625, 14.0625, 7, 14.3125 ], "texture": "#texture" },
				"up": { "uv": [ 6.5625, 14.0625, 7, 13.8125 ], "texture": "#texture" },
				"north": { "uv": [ 10.8125, 10.625, 10.375, 10.75 ], "texture": "#texture" },
				"south": { "uv": [ 10.375, 10.5, 10.8125, 10.625 ], "texture": "#texture" },
				"west": { "uv": [ 5.125, 12.1875, 5.375, 12.3125 ], "texture": "#texture" },
				"east": { "uv": [ 5.6875, 12.1875, 5.4375, 12.3125 ], "texture": "#texture" }
			}
		},
		{
			"__comment": "Voxels",
			"from": [ 0.25, 7.25, 5 ],
			"to": [ 1, 7.75, 12 ],
			"faces": {
				"down": { "uv": [ 7.5, 11.625, 7.6875, 13.375 ], "texture": "#texture" },
				"up": { "uv": [ 7.5, 15.125, 7.6875, 13.375 ], "texture": "#texture" },
				"north": { "uv": [ 10.8125, 9.0625, 10.625, 9.1875 ], "texture": "#texture" },
				"south": { "uv": [ 10.625, 8.9375, 10.8125, 9.0625 ], "texture": "#texture" },
				"west": { "uv": [ 0, 8, 1.75, 8.125 ], "texture": "#texture" },
				"east": { "uv": [ 15.9375, 15, 14.1875, 15.125 ], "texture": "#texture" }
			}
		},
		{
			"__comment": "Voxels",
			"from": [ 0.75, 6.5, 1 ],
			"to": [ 4, 7.5, 1.25 ],
			"faces": {
				"down": { "uv": [ 14.4375, 12, 15.25, 12.0625 ], "texture": "#texture" },
				"up": { "uv": [ 14.8125, 12.8125, 15.625, 12.75 ], "texture": "#texture" },
				"north": { "uv": [ 8.75, 12.0625, 7.9375, 12.3125 ], "texture": "#texture" },
				"south": { "uv": [ 7.9375, 12.3125, 8.75, 12.5625 ], "texture": "#texture" },
				"west": { "uv": [ 11.6875, 8, 11.75, 8.25 ], "texture": "#texture" },
				"east": { "uv": [ 11.6875, 8, 11.625, 8.25 ], "texture": "#texture" }
			}
		},
		{
			"__comment": "Voxels",
			"from": [ 0.75, 6.5, 1.25 ],
			"to": [ 1.25, 7.5, 3.75 ],
			"faces": {
				"down": { "uv": [ 10.25, 12.125, 10.375, 12.75 ], "texture": "#texture" },
				"up": { "uv": [ 10.375, 12.75, 10.5, 12.125 ], "texture": "#texture" },
				"north": { "uv": [ 7, 12.875, 6.875, 13.125 ], "texture": "#texture" },
				"south": { "uv": [ 6.875, 12.625, 7, 12.875 ], "texture": "#texture" },
				"west": { "uv": [ 9.5, 13.5625, 10.125, 13.8125 ], "texture": "#texture" },
				"east": { "uv": [ 8.875, 8, 8.25, 8.25 ], "texture": "#texture" }
			}
		},
		{
			"__comment": "Voxels",
			"from": [ 0.75, 6.5, 12.25 ],
			"to": [ 1.25, 7.5, 15 ],
			"faces": {
				"down": { "uv": [ 6.875, 13.125, 7, 13.8125 ], "texture": "#texture" },
				"up": { "uv": [ 9.875, 11.5625, 10, 10.875 ], "texture": "#texture" },
				"north": { "uv": [ 9, 8, 8.875, 8.25 ], "texture": "#texture" },
				"south": { "uv": [ 9.375, 12.1875, 9.5, 12.4375 ], "texture": "#texture" },
				"west": { "uv": [ 7.9375, 9.5625, 8.625, 9.8125 ], "texture": "#texture" },
				"east": { "uv": [ 8.625, 8.8125, 7.9375, 9.0625 ], "texture": "#texture" }
			}
		},
		{
			"__comment": "Voxels",
			"from": [ 0.75, 7.75, 5 ],
			"to": [ 1, 8.5, 11 ],
			"faces": {
				"down": { "uv": [ 9.5625, 10.0625, 9.625, 11.5625 ], "texture": "#texture" },
				"up": { "uv": [ 7.625, 9.625, 7.6875, 8.125 ], "texture": "#texture" },
				"north": { "uv": [ 12.5, 8.0625, 12.4375, 8.25 ], "texture": "#texture" },
				"south": { "uv": [ 12.4375, 9, 12.5, 9.1875 ], "texture": "#texture" },
				"west": { "uv": [ 14.1875, 14.8125, 15.6875, 15 ], "texture": "#texture" },
				"east": { "uv": [ 9.4375, 14.625, 7.9375, 14.8125 ], "texture": "#texture" }
			}
		},
		{
			"__comment": "Voxels",
			"from": [ 1, 6.25, 1 ],
			"to": [ 15, 6.5, 4 ],
			"faces": {
				"down": { "uv": [ 0, 9.75, 3.5, 10.5 ], "texture": "#texture" },
				"up": { "uv": [ 0, 9.75, 3.5, 9 ], "texture": "#texture" },
				"north": { "uv": [ 12.5, 14.0625, 9, 14.125 ], "texture": "#texture" },
				"south": { "uv": [ 10.1875, 14.25, 13.6875, 14.3125 ], "texture": "#texture" },
				"west": { "uv": [ 10.8125, 11.5625, 11.5625, 11.625 ], "texture": "#texture" },
				"east": { "uv": [ 11.5625, 11.5, 10.8125, 11.5625 ], "texture": "#texture" }
			}
		},
		{
			"__comment": "Voxels",
			"from": [ 1, 6.25, 12 ],
			"to": [ 15, 6.5, 15 ],
			"faces": {
				"down": { "uv": [ 0, 11.25, 3.5, 12 ], "texture": "#texture" },
				"up": { "uv": [ 0, 11.25, 3.5, 10.5 ], "texture": "#texture" },
				"north": { "uv": [ 16, 14.0625, 12.5, 14.125 ], "texture": "#texture" },
				"south": { "uv": [ 9, 14, 12.5, 14.0625 ], "texture": "#texture" },
				"west": { "uv": [ 10.8125, 11.4375, 11.5625, 11.5 ], "texture": "#texture" },
				"east": { "uv": [ 11.5625, 11.375, 10.8125, 11.4375 ], "texture": "#texture" }
			}
		},
		{
			"__comment": "Voxels",
			"from": [ 1, 6.5, 0.75 ],
			"to": [ 4, 7.5, 1 ],
			"faces": {
				"down": { "uv": [ 10.8125, 11.3125, 11.5625, 11.375 ], "texture": "#texture" },
				"up": { "uv": [ 10.8125, 11.3125, 11.5625, 11.25 ], "texture": "#texture" },
				"north": { "uv": [ 8.6875, 11.8125, 7.9375, 12.0625 ], "texture": "#texture" },
				"south": { "uv": [ 7.9375, 11.5625, 8.6875, 11.8125 ], "texture": "#texture" },
				"west": { "uv": [ 11.625, 8.25, 11.6875, 8.5 ], "texture": "#texture" },
				"east": { "uv": [ 11.625, 8.25, 11.5625, 8.5 ], "texture": "#texture" }
			}
		},
		{
			"__comment": "Voxels",
			"from": [ 1, 6.5, 15 ],
			"to": [ 4, 7.5, 15.25 ],
			"faces": {
				"down": { "uv": [ 10.8125, 11.625, 11.5625, 11.6875 ], "texture": "#texture" },
				"up": { "uv": [ 10.8125, 10.5, 11.5625, 10.4375 ], "texture": "#texture" },
				"north": { "uv": [ 8.6875, 11.0625, 7.9375, 11.3125 ], "texture": "#texture" },
				"south": { "uv": [ 7.9375, 11.3125, 8.6875, 11.5625 ], "texture": "#texture" },
				"west": { "uv": [ 11.6875, 8.5, 11.75, 8.75 ], "texture": "#texture" },
				"east": { "uv": [ 11.6875, 8.5, 11.625, 8.75 ], "texture": "#texture" }
			}
		},
		{
			"__comment": "Voxels",
			"from": [ 1, 7.25, 11 ],
			"to": [ 2, 8.5, 11.25 ],
			"faces": {
				"down": { "uv": [ 12.25, 11.5, 12.5, 11.5625 ], "texture": "#texture" },
				"up": { "uv": [ 15.75, 11.625, 16, 11.5625 ], "texture": "#texture" },
				"north": { "uv": [ 7, 15.1875, 6.75, 15.5 ], "texture": "#texture" },
				"south": { "uv": [ 3.75, 8.375, 4, 8.6875 ], "texture": "#texture" },
				"west": { "uv": [ 11.6875, 9.5625, 11.75, 9.875 ], "texture": "#texture" },
				"east": { "uv": [ 11.625, 9.25, 11.5625, 9.5625 ], "texture": "#texture" }
			}
		},
		{
			"__comment": "Voxels",
			"from": [ 1, 7.25, 11.25 ],
			"to": [ 2, 7.75, 12 ],
			"faces": {
				"down": { "uv": [ 15.625, 13.25, 15.875, 13.4375 ], "texture": "#texture" },
				"up": { "uv": [ 10.375, 10.125, 10.625, 9.9375 ], "texture": "#texture" },
				"north": { "uv": [ 7.25, 8, 7, 8.125 ], "texture": "#texture" },
				"south": { "uv": [ 7.25, 8, 7.5, 8.125 ], "texture": "#texture" },
				"west": { "uv": [ 10.625, 8.8125, 10.8125, 8.9375 ], "texture": "#texture" },
				"east": { "uv": [ 10.8125, 9.3125, 10.625, 9.4375 ], "texture": "#texture" }
			}
		},
		{
			"__comment": "Voxels",
			"from": [ 1, 7.5, 3 ],
			"to": [ 2, 7.75, 4 ],
			"faces": {
				"down": { "uv": [ 7.6875, 8, 7.9375, 8.25 ], "texture": "#texture" },
				"up": { "uv": [ 8.75, 12.3125, 9, 12.0625 ], "texture": "#texture" },
				"north": { "uv": [ 12.25, 8.625, 12, 8.6875 ], "texture": "#texture" },
				"south": { "uv": [ 11.75, 8.1875, 12, 8.25 ], "texture": "#texture" },
				"west": { "uv": [ 11.75, 8.125, 12, 8.1875 ], "texture": "#texture" },
				"east": { "uv": [ 12.25, 8.1875, 12, 8.25 ], "texture": "#texture" }
			}
		},
		{
			"__comment": "Voxels",
			"from": [ 1, 7.5, 12 ],
			"to": [ 2, 7.75, 15 ],
			"faces": {
				"down": { "uv": [ 7.6875, 10.25, 7.9375, 11 ], "texture": "#texture" },
				"up": { "uv": [ 7.6875, 9.5, 7.9375, 8.75 ], "texture": "#texture" },
				"north": { "uv": [ 12.25, 8.125, 12, 8.1875 ], "texture": "#texture" },
				"south": { "uv": [ 12, 8, 12.25, 8.0625 ], "texture": "#texture" },
				"west": { "uv": [ 10.8125, 10, 11.5625, 10.0625 ], "texture": "#texture" },
				"east": { "uv": [ 11.5625, 9.9375, 10.8125, 10 ], "texture": "#texture" }
			}
		},
		{
			"__comment": "Voxels",
			"from": [ 1, 7.75, 4.75 ],
			"to": [ 2, 8.5, 5 ],
			"faces": {
				"down": { "uv": [ 12.25, 11.6875, 12.5, 11.75 ], "texture": "#texture" },
				"up": { "uv": [ 12.5, 11.75, 12.75, 11.6875 ], "texture": "#texture" },
				"north": { "uv": [ 10.375, 8.125, 10.125, 8.3125 ], "texture": "#texture" },
				"south": { "uv": [ 10.375, 8.3125, 10.625, 8.5 ], "texture": "#texture" },
				"west": { "uv": [ 12.4375, 11.0625, 12.5, 11.25 ], "texture": "#texture" },
				"east": { "uv": [ 12.4375, 8.25, 12.375, 8.4375 ], "texture": "#texture" }
			}
		},
		{
			"__comment": "Voxels",
			"from": [ 1, 8.25, 6 ],
			"to": [ 6, 8.5, 6.25 ],
			"faces": {
				"down": { "uv": [ 14.3125, 12.125, 15.5625, 12.1875 ], "texture": "#texture" },
				"up": { "uv": [ 11.5625, 12.0625, 12.8125, 12 ], "texture": "#texture" },
				"north": { "uv": [ 14.0625, 12.0625, 12.8125, 12.125 ], "texture": "#texture" },
				"south": { "uv": [ 14.0625, 12.0625, 15.3125, 12.125 ], "texture": "#texture" },
				"west": { "uv": [ 12.1875, 9.3125, 12.25, 9.375 ], "texture": "#texture" },
				"east": { "uv": [ 16, 12, 15.9375, 12.0625 ], "texture": "#texture" }
			}
		},
		{
			"__comment": "Voxels",
			"from": [ 1, 8.25, 6.25 ],
			"to": [ 2.25, 8.5, 11 ],
			"faces": {
				"down": { "uv": [ 6.25, 12.625, 6.5625, 13.8125 ], "texture": "#texture" },
				"up": { "uv": [ 6.5625, 13.8125, 6.875, 12.625 ], "texture": "#texture" },
				"north": { "uv": [ 12.0625, 9, 11.75, 9.0625 ], "texture": "#texture" },
				"south": { "uv": [ 11.75, 8.9375, 12.0625, 9 ], "texture": "#texture" },
				"west": { "uv": [ 10.9375, 13.625, 12.125, 13.6875 ], "texture": "#texture" },
				"east": { "uv": [ 13.3125, 13.625, 12.125, 13.6875 ], "texture": "#texture" }
			}
		},
		{
			"__comment": "Voxels",
			"from": [ 1, 8.5, 5 ],
			"to": [ 7, 8.75, 6 ],
			"faces": {
				"down": { "uv": [ 7.5, 15.5, 9, 15.75 ], "texture": "#texture" },
				"up": { "uv": [ 10.75, 16, 12.25, 15.75 ], "texture": "#texture" },
				"north": { "uv": [ 15.8125, 12.3125, 14.3125, 12.375 ], "texture": "#texture" },
				"south": { "uv": [ 11.5625, 12.1875, 13.0625, 12.25 ], "texture": "#texture" },
				"west": { "uv": [ 13, 11.625, 13.25, 11.6875 ], "texture": "#texture" },
				"east": { "uv": [ 13.75, 11.625, 13.5, 11.6875 ], "texture": "#texture" }
			}
		},
		{
			"__comment": "Voxels",
			"from": [ 1, 8.5, 6 ],
			"to": [ 2, 8.75, 11 ],
			"faces": {
				"down": { "uv": [ 7.25, 8.375, 7.5, 9.625 ], "texture": "#texture" },
				"up": { "uv": [ 7.6875, 15, 7.9375, 13.75 ], "texture": "#texture" },
				"north": { "uv": [ 14, 11.625, 13.75, 11.6875 ], "texture": "#texture" },
				"south": { "uv": [ 12.25, 11.5625, 12.5, 11.625 ], "texture": "#texture" },
				"west": { "uv": [ 13.0625, 12.125, 14.3125, 12.1875 ], "texture": "#texture" },
				"east": { "uv": [ 12.8125, 12.0625, 11.5625, 12.125 ], "texture": "#texture" }
			}
		},
		{
			"__comment": "Voxels",
			"from": [ 1.25, 6.5, 14.75 ],
			"to": [ 4, 7.5, 15 ],
			"faces": {
				"down": { "uv": [ 10.8125, 8.875, 11.5, 8.9375 ], "texture": "#texture" },
				"up": { "uv": [ 10.8125, 9, 11.5, 8.9375 ], "texture": "#texture" },
				"north": { "uv": [ 8.625, 8.5625, 7.9375, 8.8125 ], "texture": "#texture" },
				"south": { "uv": [ 7.9375, 9.8125, 8.625, 10.0625 ], "texture": "#texture" },
				"west": { "uv": [ 11.625, 8.75, 11.6875, 9 ], "texture": "#texture" },
				"east": { "uv": [ 11.6875, 11.125, 11.625, 11.375 ], "texture": "#texture" }
			}
		},
		{
			"__comment": "Voxels",
			"from": [ 1.25, 7.25, 1.25 ],
			"to": [ 4, 7.75, 2 ],
			"faces": {
				"down": { "uv": [ 10.125, 13.0625, 10.8125, 13.25 ], "texture": "#texture" },
				"up": { "uv": [ 10.125, 13.0625, 10.8125, 12.875 ], "texture": "#texture" },
				"north": { "uv": [ 10.8125, 10.875, 10.125, 11 ], "texture": "#texture" },
				"south": { "uv": [ 10.125, 12.75, 10.8125, 12.875 ], "texture": "#texture" },
				"west": { "uv": [ 10.625, 12.125, 10.8125, 12.25 ], "texture": "#texture" },
				"east": { "uv": [ 16, 14.3125, 15.8125, 14.4375 ], "texture": "#texture" }
			}
		},
		{
			"__comment": "Voxels",
			"from": [ 1.25, 7.25, 2 ],
			"to": [ 2, 7.75, 3 ],
			"faces": {
				"down": { "uv": [ 8.75, 8.3125, 8.9375, 8.5625 ], "texture": "#texture" },
				"up": { "uv": [ 9.3125, 12.9375, 9.5, 12.6875 ], "texture": "#texture" },
				"north": { "uv": [ 10.8125, 8, 10.625, 8.125 ], "texture": "#texture" },
				"south": { "uv": [ 10.625, 8.6875, 10.8125, 8.8125 ], "texture": "#texture" },
				"west": { "uv": [ 12, 10.5, 12.25, 10.625 ], "texture": "#texture" },
				"east": { "uv": [ 12, 10.5, 11.75, 10.625 ], "texture": "#texture" }
			}
		},
		{
			"__comment": "Voxels",
			"from": [ 1.25, 7.25, 3 ],
			"to": [ 2, 7.5, 4 ],
			"faces": {
				"down": { "uv": [ 9.3125, 12.4375, 9.5, 12.6875 ], "texture": "#texture" },
				"up": { "uv": [ 9.3125, 11.6875, 9.5, 11.4375 ], "texture": "#texture" },
				"north": { "uv": [ 11.3125, 10.5, 11.125, 10.5625 ], "texture": "#texture" },
				"south": { "uv": [ 11.125, 10.5625, 11.3125, 10.625 ], "texture": "#texture" },
				"west": { "uv": [ 12.5, 11.5625, 12.75, 11.625 ], "texture": "#texture" },
				"east": { "uv": [ 13, 11.5625, 12.75, 11.625 ], "texture": "#texture" }
			}
		},
		{
			"__comment": "Voxels",
			"from": [ 1.25, 7.25, 12 ],
			"to": [ 2, 7.5, 14.75 ],
			"faces": {
				"down": { "uv": [ 3.8125, 9.0625, 4, 9.75 ], "texture": "#texture" },
				"up": { "uv": [ 3.8125, 10.5, 4, 9.8125 ], "texture": "#texture" },
				"north": { "uv": [ 11.125, 10.5, 10.9375, 10.5625 ], "texture": "#texture" },
				"south": { "uv": [ 10.9375, 10.5625, 11.125, 10.625 ], "texture": "#texture" },
				"west": { "uv": [ 10.8125, 9, 11.5, 9.0625 ], "texture": "#texture" },
				"east": { "uv": [ 15.6875, 11.8125, 15, 11.875 ], "texture": "#texture" }
			}
		},
		{
			"__comment": "Voxels",
			"from": [ 1.25, 7.5, 1 ],
			"to": [ 4, 7.75, 1.25 ],
			"faces": {
				"down": { "uv": [ 14.3125, 11.8125, 15, 11.875 ], "texture": "#texture" },
				"up": { "uv": [ 13.625, 11.875, 14.3125, 11.8125 ], "texture": "#texture" },
				"north": { "uv": [ 13.625, 11.8125, 12.9375, 11.875 ], "texture": "#texture" },
				"south": { "uv": [ 12.25, 11.8125, 12.9375, 11.875 ], "texture": "#texture" },
				"west": { "uv": [ 11.5, 11, 11.5625, 11.0625 ], "texture": "#texture" },
				"east": { "uv": [ 16, 12.5625, 15.9375, 12.625 ], "texture": "#texture" }
			}
		},
		{
			"__comment": "Voxels",
			"from": [ 1.75, 7.75, 2 ],
			"to": [ 2, 8.5, 4.75 ],
			"faces": {
				"down": { "uv": [ 11.125, 8, 11.1875, 8.6875 ], "texture": "#texture" },
				"up": { "uv": [ 11.0625, 8.6875, 11.125, 8 ], "texture": "#texture" },
				"north": { "uv": [ 12.4375, 9.5625, 12.375, 9.75 ], "texture": "#texture" },
				"south": { "uv": [ 12.375, 9.75, 12.4375, 9.9375 ], "texture": "#texture" },
				"west": { "uv": [ 14.9375, 13.25, 15.625, 13.4375 ], "texture": "#texture" },
				"east": { "uv": [ 14.9375, 13.25, 14.25, 13.4375 ], "texture": "#texture" }
			}
		},
		{
			"__comment": "Voxels",
			"from": [ 1.75, 7.75, 11.25 ],
			"to": [ 2, 8.5, 14 ],
			"faces": {
				"down": { "uv": [ 11, 8, 11.0625, 8.6875 ], "texture": "#texture" },
				"up": { "uv": [ 10.9375, 8.6875, 11, 8 ], "texture": "#texture" },
				"north": { "uv": [ 12.4375, 10.125, 12.375, 10.3125 ], "texture": "#texture" },
				"south": { "uv": [ 12.375, 10.3125, 12.4375, 10.5 ], "texture": "#texture" },
				"west": { "uv": [ 12.1875, 13.25, 12.875, 13.4375 ], "texture": "#texture" },
				"east": { "uv": [ 13.5625, 13.25, 12.875, 13.4375 ], "texture": "#texture" }
			}
		},
		{
			"__comment": "Voxels",
			"from": [ 2, 7.25, 6 ],
			"to": [ 4, 8.25, 6.25 ],
			"faces": {
				"down": { "uv": [ 9, 8, 9.5, 8.0625 ], "texture": "#texture" },
				"up": { "uv": [ 6.5, 8.75, 7, 8.6875 ], "texture": "#texture" },
				"north": { "uv": [ 7, 11.4375, 6.5, 11.6875 ], "texture": "#texture" },
				"south": { "uv": [ 6.5, 11.1875, 7, 11.4375 ], "texture": "#texture" },
				"west": { "uv": [ 8.9375, 8.3125, 9, 8.5625 ], "texture": "#texture" },
				"east": { "uv": [ 11.6875, 9, 11.625, 9.25 ], "texture": "#texture" }
			}
		},
		{
			"__comment": "Voxels",
			"from": [ 2, 7.25, 6.25 ],
			"to": [ 4, 7.75, 11 ],
			"faces": {
				"down": { "uv": [ 4.5, 14.3125, 5, 15.5 ], "texture": "#texture" },
				"up": { "uv": [ 4, 10.25, 4.5, 9.0625 ], "texture": "#texture" },
				"north": { "uv": [ 10.625, 8.8125, 10.125, 8.9375 ], "texture": "#texture" },
				"south": { "uv": [ 10.125, 8.6875, 10.625, 8.8125 ], "texture": "#texture" },
				"west": { "uv": [ 10.9375, 13.6875, 12.125, 13.8125 ], "texture": "#texture" },
				"east": { "uv": [ 13.3125, 13.6875, 12.125, 13.8125 ], "texture": "#texture" }
			}
		},
		{
			"__comment": "Voxels",
			"from": [ 2, 7.25, 14 ],
			"to": [ 5, 8.5, 14.25 ],
			"faces": {
				"down": { "uv": [ 10.8125, 9.375, 11.5625, 9.4375 ], "texture": "#texture" },
				"up": { "uv": [ 10.8125, 9.375, 11.5625, 9.3125 ], "texture": "#texture" },
				"north": { "uv": [ 7, 12.3125, 6.25, 12.625 ], "texture": "#texture" },
				"south": { "uv": [ 7.9375, 12.5625, 8.6875, 12.875 ], "texture": "#texture" },
				"west": { "uv": [ 11.625, 9.25, 11.6875, 9.5625 ], "texture": "#texture" },
				"east": { "uv": [ 11.75, 9.25, 11.6875, 9.5625 ], "texture": "#texture" }
			}
		},
		{
			"__comment": "Voxels",
			"from": [ 2, 7.25, 14.25 ],
			"to": [ 5, 7.75, 14.75 ],
			"faces": {
				"down": { "uv": [ 10.8125, 12.1875, 11.5625, 12.3125 ], "texture": "#texture" },
				"up": { "uv": [ 10.8125, 12.1875, 11.5625, 12.0625 ], "texture": "#texture" },
				"north": { "uv": [ 7, 12.1875, 6.25, 12.3125 ], "texture": "#texture" },
				"south": { "uv": [ 10.8125, 11.9375, 11.5625, 12.0625 ], "texture": "#texture" },
				"west": { "uv": [ 10, 10.125, 10.125, 10.25 ], "texture": "#texture" },
				"east": { "uv": [ 9.5, 12.0625, 9.375, 12.1875 ], "texture": "#texture" }
			}
		},
		{
			"__comment": "Voxels",
			"from": [ 2, 7.5, 14.75 ],
			"to": [ 5, 7.75, 15 ],
			"faces": {
				"down": { "uv": [ 10.8125, 10.25, 11.5625, 10.3125 ], "texture": "#texture" },
				"up": { "uv": [ 10.8125, 9.1875, 11.5625, 9.125 ], "texture": "#texture" },
				"north": { "uv": [ 11.5625, 9.1875, 10.8125, 9.25 ], "texture": "#texture" },
				"south": { "uv": [ 10.8125, 9.25, 11.5625, 9.3125 ], "texture": "#texture" },
				"west": { "uv": [ 12.1875, 9.5, 12.25, 9.5625 ], "texture": "#texture" },
				"east": { "uv": [ 11.4375, 8, 11.375, 8.0625 ], "texture": "#texture" }
			}
		},
		{
			"__comment": "Voxels",
			"from": [ 2, 7.75, 1.75 ],
			"to": [ 4, 8.5, 2 ],
			"faces": {
				"down": { "uv": [ 11.75, 9.5625, 12.25, 9.625 ], "texture": "#texture" },
				"up": { "uv": [ 14.3125, 11.8125, 14.8125, 11.75 ], "texture": "#texture" },
				"north": { "uv": [ 7, 10, 6.5, 10.1875 ], "texture": "#texture" },
				"south": { "uv": [ 6.5, 9.75, 7, 9.9375 ], "texture": "#texture" },
				"west": { "uv": [ 12.375, 10.5, 12.4375, 10.6875 ], "texture": "#texture" },
				"east": { "uv": [ 12.4375, 10.6875, 12.375, 10.875 ], "texture": "#texture" }
			}
		},
		{
			"__comment": "Voxels",
			"from": [ 2, 7.75, 6.25 ],
			"to": [ 2.25, 8.25, 11 ],
			"faces": {
				"down": { "uv": [ 10.1875, 9.5625, 10.25, 10.75 ], "texture": "#texture" },
				"up": { "uv": [ 10.125, 10.75, 10.1875, 9.5625 ], "texture": "#texture" },
				"north": { "uv": [ 12.8125, 11.3125, 12.75, 11.4375 ], "texture": "#texture" },
				"south": { "uv": [ 12.6875, 11.3125, 12.75, 11.4375 ], "texture": "#texture" },
				"west": { "uv": [ 14.625, 14.3125, 15.8125, 14.4375 ], "texture": "#texture" },
				"east": { "uv": [ 15.9375, 13.875, 14.75, 14 ], "texture": "#texture" }
			}
		},
		{
			"__comment": "Voxels",
			"from": [ 2, 8.25, 3 ],
			"to": [ 4, 8.5, 3.25 ],
			"faces": {
				"down": { "uv": [ 11.75, 10.9375, 12.25, 11 ], "texture": "#texture" },
				"up": { "uv": [ 11.75, 10.9375, 12.25, 10.875 ], "texture": "#texture" },
				"north": { "uv": [ 12.25, 10.6875, 11.75, 10.75 ], "texture": "#texture" },
				"south": { "uv": [ 11.75, 9.875, 12.25, 9.9375 ], "texture": "#texture" },
				"west": { "uv": [ 11.1875, 8, 11.25, 8.0625 ], "texture": "#texture" },
				"east": { "uv": [ 11.5625, 8.875, 11.5, 8.9375 ], "texture": "#texture" }
			}
		},
		{
			"__comment": "Voxels",
			"from": [ 2, 8.25, 3.25 ],
			"to": [ 3.25, 8.5, 5 ],
			"faces": {
				"down": { "uv": [ 9, 10.375, 9.3125, 10.8125 ], "texture": "#texture" },
				"up": { "uv": [ 9, 10.375, 9.3125, 9.9375 ], "texture": "#texture" },
				"north": { "uv": [ 12.0625, 8.875, 11.75, 8.9375 ], "texture": "#texture" },
				"south": { "uv": [ 11.75, 8.8125, 12.0625, 8.875 ], "texture": "#texture" },
				"west": { "uv": [ 11.75, 9.5, 12.1875, 9.5625 ], "texture": "#texture" },
				"east": { "uv": [ 12.1875, 9.375, 11.75, 9.4375 ], "texture": "#texture" }
			}
		},
		{
			"__comment": "Voxels",
			"from": [ 2, 8.25, 11 ],
			"to": [ 3.25, 8.5, 13 ],
			"faces": {
				"down": { "uv": [ 9, 12.4375, 9.3125, 12.9375 ], "texture": "#texture" },
				"up": { "uv": [ 7.9375, 8.5625, 8.25, 8.0625 ], "texture": "#texture" },
				"north": { "uv": [ 12.0625, 8.75, 11.75, 8.8125 ], "texture": "#texture" },
				"south": { "uv": [ 8.6875, 12.5625, 9, 12.625 ], "texture": "#texture" },
				"west": { "uv": [ 6.5, 9.1875, 7, 9.25 ], "texture": "#texture" },
				"east": { "uv": [ 7, 9.4375, 6.5, 9.5 ], "texture": "#texture" }
			}
		},
		{
			"__comment": "Voxels",
			"from": [ 2, 8.25, 13.75 ],
			"to": [ 2.25, 8.75, 14 ],
			"faces": {
				"down": { "uv": [ 12.1875, 8.8125, 12.25, 8.875 ], "texture": "#texture" },
				"up": { "uv": [ 11.3125, 8.0625, 11.375, 8 ], "texture": "#texture" },
				"north": { "uv": [ 12.6875, 8, 12.625, 8.125 ], "texture": "#texture" },
				"south": { "uv": [ 12.625, 9.625, 12.6875, 9.75 ], "texture": "#texture" },
				"west": { "uv": [ 12.625, 9.125, 12.6875, 9.25 ], "texture": "#texture" },
				"east": { "uv": [ 7.6875, 8, 7.625, 8.125 ], "texture": "#texture" }
			}
		},
		{
			"__comment": "Voxels",
			"from": [ 2, 8.5, 2 ],
			"to": [ 4, 8.75, 3 ],
			"faces": {
				"down": { "uv": [ 6.5, 11.9375, 7, 12.1875 ], "texture": "#texture" },
				"up": { "uv": [ 6.5, 11.9375, 7, 11.6875 ], "texture": "#texture" },
				"north": { "uv": [ 4, 11.25, 3.5, 11.3125 ], "texture": "#texture" },
				"south": { "uv": [ 14.8125, 11.75, 15.3125, 11.8125 ], "texture": "#texture" },
				"west": { "uv": [ 15.25, 11.625, 15.5, 11.6875 ], "texture": "#texture" },
				"east": { "uv": [ 15.25, 11.625, 15, 11.6875 ], "texture": "#texture" }
			}
		},
		{
			"__comment": "Voxels",
			"from": [ 2, 8.5, 3 ],
			"to": [ 3, 8.75, 5 ],
			"faces": {
				"down": { "uv": [ 7, 8.125, 7.25, 8.625 ], "texture": "#texture" },
				"up": { "uv": [ 7.6875, 8.75, 7.9375, 8.25 ], "texture": "#texture" },
				"north": { "uv": [ 13.5, 11.625, 13.25, 11.6875 ], "texture": "#texture" },
				"south": { "uv": [ 12.5, 11.625, 12.75, 11.6875 ], "texture": "#texture" },
				"west": { "uv": [ 6.5, 9.9375, 7, 10 ], "texture": "#texture" },
				"east": { "uv": [ 7, 9.6875, 6.5, 9.75 ], "texture": "#texture" }
			}
		},
		{
			"__comment": "Voxels",
			"from": [ 2, 8.5, 11 ],
			"to": [ 3, 8.75, 13.75 ],
			"faces": {
				"down": { "uv": [ 6.75, 8, 7, 8.6875 ], "texture": "#texture" },
				"up": { "uv": [ 6.5, 8.6875, 6.75, 8 ], "texture": "#texture" },
				"north": { "uv": [ 15, 11.5625, 14.75, 11.625 ], "texture": "#texture" },
				"south": { "uv": [ 15.75, 11.625, 16, 11.6875 ], "texture": "#texture" },
				"west": { "uv": [ 12.25, 11.75, 12.9375, 11.8125 ], "texture": "#texture" },
				"east": { "uv": [ 13.625, 11.75, 12.9375, 11.8125 ], "texture": "#texture" }
			}
		},
		{
			"__comment": "Voxels",
			"from": [ 2.25, 7.75, 10.75 ],
			"to": [ 3, 8.5, 11 ],
			"faces": {
				"down": { "uv": [ 15.8125, 12.3125, 16, 12.375 ], "texture": "#texture" },
				"up": { "uv": [ 15.8125, 12.4375, 16, 12.375 ], "texture": "#texture" },
				"north": { "uv": [ 10.125, 8.3125, 9.9375, 8.5 ], "texture": "#texture" },
				"south": { "uv": [ 9.3125, 11.25, 9.5, 11.4375 ], "texture": "#texture" },
				"west": { "uv": [ 12.3125, 8.8125, 12.375, 9 ], "texture": "#texture" },
				"east": { "uv": [ 12.375, 9, 12.3125, 9.1875 ], "texture": "#texture" }
			}
		},
		{
			"__comment": "Voxels",
			"from": [ 2.25, 8.5, 13.75 ],
			"to": [ 5, 8.75, 14 ],
			"faces": {
				"down": { "uv": [ 11.5625, 11.875, 12.25, 11.9375 ], "texture": "#texture" },
				"up": { "uv": [ 10.875, 8.875, 11.5625, 8.8125 ], "texture": "#texture" },
				"north": { "uv": [ 11.5625, 8.75, 10.875, 8.8125 ], "texture": "#texture" },
				"south": { "uv": [ 10.875, 8.6875, 11.5625, 8.75 ], "texture": "#texture" },
				"west": { "uv": [ 8.9375, 9.0625, 9, 9.125 ], "texture": "#texture" },
				"east": { "uv": [ 16, 12.75, 15.9375, 12.8125 ], "texture": "#texture" }
			}
		},
		{
			"__comment": "Voxels",
			"from": [ 3, 7.25, 3 ],
			"to": [ 13, 7.75, 4 ],
			"faces": {
				"down": { "uv": [ 4.5, 15.5, 7, 15.75 ], "texture": "#texture" },
				"up": { "uv": [ 4.5, 16, 7, 15.75 ], "texture": "#texture" },
				"north": { "uv": [ 10.1875, 15, 7.6875, 15.125 ], "texture": "#texture" },
				"south": { "uv": [ 12.75, 15.1875, 15.25, 15.3125 ], "texture": "#texture" },
				"west": { "uv": [ 6, 12.1875, 6.25, 12.3125 ], "texture": "#texture" },
				"east": { "uv": [ 6, 12.1875, 5.75, 12.3125 ], "texture": "#texture" }
			}
		},
		{
			"__comment": "Voxels",
			"from": [ 3, 7.25, 4 ],
			"to": [ 6, 7.75, 5 ],
			"faces": {
				"down": { "uv": [ 7.9375, 10.5625, 8.6875, 10.8125 ], "texture": "#texture" },
				"up": { "uv": [ 7.9375, 11.0625, 8.6875, 10.8125 ], "texture": "#texture" },
				"north": { "uv": [ 11.5625, 11.6875, 10.8125, 11.8125 ], "texture": "#texture" },
				"south": { "uv": [ 10.8125, 11.8125, 11.5625, 11.9375 ], "texture": "#texture" },
				"west": { "uv": [ 11.75, 9.625, 12, 9.75 ], "texture": "#texture" },
				"east": { "uv": [ 12.25, 9.75, 12, 9.875 ], "texture": "#texture" }
			}
		},
		{
			"__comment": "Voxels",
			"from": [ 3, 7.25, 11 ],
			"to": [ 4, 7.75, 13 ],
			"faces": {
				"down": { "uv": [ 9.5, 11.5625, 9.75, 12.0625 ], "texture": "#texture" },
				"up": { "uv": [ 9.75, 12.0625, 10, 11.5625 ], "texture": "#texture" },
				"north": { "uv": [ 12, 9.75, 11.75, 9.875 ], "texture": "#texture" },
				"south": { "uv": [ 12, 10.125, 12.25, 10.25 ], "texture": "#texture" },
				"west": { "uv": [ 10.25, 11.875, 10.75, 12 ], "texture": "#texture" },
				"east": { "uv": [ 10.625, 9.3125, 10.125, 9.4375 ], "texture": "#texture" }
			}
		},
		{
			"__comment": "Voxels",
			"from": [ 3, 7.75, 3 ],
			"to": [ 4, 8.25, 3.25 ],
			"faces": {
				"down": { "uv": [ 13.25, 11.6875, 13.5, 11.75 ], "texture": "#texture" },
				"up": { "uv": [ 11.75, 8.375, 12, 8.3125 ], "texture": "#texture" },
				"north": { "uv": [ 12, 10.125, 11.75, 10.25 ], "texture": "#texture" },
				"south": { "uv": [ 11.75, 10.3125, 12, 10.4375 ], "texture": "#texture" },
				"west": { "uv": [ 12.625, 10.125, 12.6875, 10.25 ], "texture": "#texture" },
				"east": { "uv": [ 12.6875, 9.25, 12.625, 9.375 ], "texture": "#texture" }
			}
		},
		{
			"__comment": "Voxels",
			"from": [ 3, 7.75, 3.25 ],
			"to": [ 3.25, 8.25, 5 ],
			"faces": {
				"down": { "uv": [ 10.0625, 11.625, 10.125, 12.0625 ], "texture": "#texture" },
				"up": { "uv": [ 10.0625, 12.5625, 10.125, 12.125 ], "texture": "#texture" },
				"north": { "uv": [ 12.6875, 9, 12.625, 9.125 ], "texture": "#texture" },
				"south": { "uv": [ 12.625, 8.875, 12.6875, 9 ], "texture": "#texture" },
				"west": { "uv": [ 9.5, 8, 9.9375, 8.125 ], "texture": "#texture" },
				"east": { "uv": [ 10.8125, 10.375, 10.375, 10.5 ], "texture": "#texture" }
			}
		},
		{
			"__comment": "Voxels",
			"from": [ 3, 7.75, 11 ],
			"to": [ 3.25, 8.25, 13 ],
			"faces": {
				"down": { "uv": [ 10, 12.5625, 10.0625, 13.0625 ], "texture": "#texture" },
				"up": { "uv": [ 10.0625, 13.0625, 10.125, 12.5625 ], "texture": "#texture" },
				"north": { "uv": [ 12.6875, 8.375, 12.625, 8.5 ], "texture": "#texture" },
				"south": { "uv": [ 12.625, 8.25, 12.6875, 8.375 ], "texture": "#texture" },
				"west": { "uv": [ 10.25, 11.75, 10.75, 11.875 ], "texture": "#texture" },
				"east": { "uv": [ 10.625, 9.4375, 10.125, 9.5625 ], "texture": "#texture" }
			}
		},
		{
			"__comment": "Voxels",
			"from": [ 3, 8.5, 13 ],
			"to": [ 5, 8.75, 13.75 ],
			"faces": {
				"down": { "uv": [ 6.5, 9, 7, 9.1875 ], "texture": "#texture" },
				"up": { "uv": [ 6.5, 9.4375, 7, 9.25 ], "texture": "#texture" },
				"north": { "uv": [ 12.25, 11, 11.75, 11.0625 ], "texture": "#texture" },
				"south": { "uv": [ 11.75, 11.0625, 12.25, 11.125 ], "texture": "#texture" },
				"west": { "uv": [ 15.8125, 12.9375, 16, 13 ], "texture": "#texture" },
				"east": { "uv": [ 10.125, 8, 9.9375, 8.0625 ], "texture": "#texture" }
			}
		},
		{
			"__comment": "Voxels",
			"from": [ 3.25, 7.75, 4.75 ],
			"to": [ 6, 8.5, 5 ],
			"faces": {
				"down": { "uv": [ 14, 11.9375, 14.6875, 12 ], "texture": "#texture" },
				"up": { "uv": [ 14.6875, 12, 15.375, 11.9375 ], "texture": "#texture" },
				"north": { "uv": [ 13.8125, 13.4375, 13.125, 13.625 ], "texture": "#texture" },
				"south": { "uv": [ 14.5, 13.4375, 15.1875, 13.625 ], "texture": "#texture" },
				"west": { "uv": [ 12.3125, 10.6875, 12.375, 10.875 ], "texture": "#texture" },
				"east": { "uv": [ 12.375, 10.875, 12.3125, 11.0625 ], "texture": "#texture" }
			}
		},
		{
			"__comment": "Voxels",
			"from": [ 3.25, 7.75, 12.75 ],
			"to": [ 4, 8.5, 13 ],
			"faces": {
				"down": { "uv": [ 3.8125, 9, 4, 9.0625 ], "texture": "#texture" },
				"up": { "uv": [ 3.8125, 9.8125, 4, 9.75 ], "texture": "#texture" },
				"north": { "uv": [ 10.8125, 9.5625, 10.625, 9.75 ], "texture": "#texture" },
				"south": { "uv": [ 11.125, 10.625, 11.3125, 10.8125 ], "texture": "#texture" },
				"west": { "uv": [ 12.25, 8, 12.3125, 8.1875 ], "texture": "#texture" },
				"east": { "uv": [ 12.3125, 8.1875, 12.25, 8.375 ], "texture": "#texture" }
			}
		},
		{
			"__comment": "Voxels",
			"from": [ 3.75, 6.5, 0 ],
			"to": [ 4, 7.5, 0.75 ],
			"faces": {
				"down": { "uv": [ 12.25, 8.375, 12.3125, 8.5625 ], "texture": "#texture" },
				"up": { "uv": [ 12.25, 8.75, 12.3125, 8.5625 ], "texture": "#texture" },
				"north": { "uv": [ 11.625, 9, 11.5625, 9.25 ], "texture": "#texture" },
				"south": { "uv": [ 11.6875, 11.125, 11.75, 11.375 ], "texture": "#texture" },
				"west": { "uv": [ 9.3125, 10.125, 9.5, 10.375 ], "texture": "#texture" },
				"east": { "uv": [ 10.125, 8.0625, 9.9375, 8.3125 ], "texture": "#texture" }
			}
		},
		{
			"__comment": "Voxels",
			"from": [ 3.75, 6.5, 15.25 ],
			"to": [ 4, 7.5, 16 ],
			"faces": {
				"down": { "uv": [ 12.25, 8.75, 12.3125, 8.9375 ], "texture": "#texture" },
				"up": { "uv": [ 12.25, 9.125, 12.3125, 8.9375 ], "texture": "#texture" },
				"north": { "uv": [ 10.125, 13.0625, 10.0625, 13.3125 ], "texture": "#texture" },
				"south": { "uv": [ 10.0625, 13.3125, 10.125, 13.5625 ], "texture": "#texture" },
				"west": { "uv": [ 9.3125, 10.5625, 9.5, 10.8125 ], "texture": "#texture" },
				"east": { "uv": [ 9.5, 11, 9.3125, 11.25 ], "texture": "#texture" }
			}
		},
		{
			"__comment": "Voxels",
			"from": [ 3.75, 7.75, 1 ],
			"to": [ 4, 8.5, 1.75 ],
			"faces": {
				"down": { "uv": [ 12.25, 9.125, 12.3125, 9.3125 ], "texture": "#texture" },
				"up": { "uv": [ 9.4375, 8.25, 9.5, 8.0625 ], "texture": "#texture" },
				"north": { "uv": [ 9.5, 8.25, 9.4375, 8.4375 ], "texture": "#texture" },
				"south": { "uv": [ 8.9375, 8.625, 9, 8.8125 ], "texture": "#texture" },
				"west": { "uv": [ 11.5625, 11.5625, 11.75, 11.75 ], "texture": "#texture" },
				"east": { "uv": [ 9.5, 9.9375, 9.3125, 10.125 ], "texture": "#texture" }
			}
		},
		{
			"__comment": "Voxels",
			"from": [ 3.75, 7.75, 6.25 ],
			"to": [ 4, 8.5, 12.75 ],
			"faces": {
				"down": { "uv": [ 7.5625, 8, 7.625, 9.625 ], "texture": "#texture" },
				"up": { "uv": [ 7.5, 9.625, 7.5625, 8 ], "texture": "#texture" },
				"north": { "uv": [ 12.6875, 11.0625, 12.625, 11.25 ], "texture": "#texture" },
				"south": { "uv": [ 12.625, 11.25, 12.6875, 11.4375 ], "texture": "#texture" },
				"west": { "uv": [ 9.5625, 14.8125, 11.1875, 15 ], "texture": "#texture" },
				"east": { "uv": [ 9.5625, 14.8125, 7.9375, 15 ], "texture": "#texture" }
			}
		},
		{
			"__comment": "Voxels",
			"from": [ 4, 6.25, 0 ],
			"to": [ 12, 6.5, 1 ],
			"faces": {
				"down": { "uv": [ 4.5, 9.4375, 6.5, 9.6875 ], "texture": "#texture" },
				"up": { "uv": [ 5, 14.5625, 7, 14.3125 ], "texture": "#texture" },
				"north": { "uv": [ 14.8125, 12.75, 12.8125, 12.8125 ], "texture": "#texture" },
				"south": { "uv": [ 10.8125, 12.6875, 12.8125, 12.75 ], "texture": "#texture" },
				"west": { "uv": [ 14.75, 11.5, 15, 11.5625 ], "texture": "#texture" },
				"east": { "uv": [ 14.75, 11.5, 14.5, 11.5625 ], "texture": "#texture" }
			}
		},
		{
			"__comment": "Voxels",
			"from": [ 4, 6.25, 15 ],
			"to": [ 12, 6.5, 16 ],
			"faces": {
				"down": { "uv": [ 4.5, 10.6875, 6.5, 10.9375 ], "texture": "#texture" },
				"up": { "uv": [ 4.5, 10.6875, 6.5, 10.4375 ], "texture": "#texture" },
				"north": { "uv": [ 14.8125, 12.6875, 12.8125, 12.75 ], "texture": "#texture" },
				"south": { "uv": [ 11, 15.5, 13, 15.5625 ], "texture": "#texture" },
				"west": { "uv": [ 13.25, 11.5, 13.5, 11.5625 ], "texture": "#texture" },
				"east": { "uv": [ 13.25, 11.5, 13, 11.5625 ], "texture": "#texture" }
			}
		},
		{
			"__comment": "Voxels",
			"from": [ 4, 6.5, -0.25 ],
			"to": [ 12, 7.5, 0 ],
			"faces": {
				"down": { "uv": [ 13, 15.5, 15, 15.5625 ], "texture": "#texture" },
				"up": { "uv": [ 10.8125, 13.1875, 12.8125, 13.125 ], "texture": "#texture" },
				"north": { "uv": [ 6.5, 8.6875, 4.5, 8.9375 ], "texture": "#texture" },
				"south": { "uv": [ 4.5, 8.4375, 6.5, 8.6875 ], "texture": "#texture" },
				"west": { "uv": [ 12.25, 10, 12.3125, 10.25 ], "texture": "#texture" },
				"east": { "uv": [ 12.3125, 10.25, 12.25, 10.5 ], "texture": "#texture" }
			}
		},
		{
			"__comment": "Voxels",
			"from": [ 4, 6.5, 16 ],
			"to": [ 12, 7.5, 16.25 ],
			"faces": {
				"down": { "uv": [ 10.8125, 12.9375, 12.8125, 13 ], "texture": "#texture" },
				"up": { "uv": [ 12.8125, 13.1875, 14.8125, 13.125 ], "texture": "#texture" },
				"north": { "uv": [ 6.5, 10.9375, 4.5, 11.1875 ], "texture": "#texture" },
				"south": { "uv": [ 4.5, 10.1875, 6.5, 10.4375 ], "texture": "#texture" },
				"west": { "uv": [ 11.5625, 8, 11.625, 8.25 ], "texture": "#texture" },
				"east": { "uv": [ 11.75, 8.25, 11.6875, 8.5 ], "texture": "#texture" }
			}
		},
		{
			"__comment": "Voxels",
			"from": [ 4, 7.25, 0 ],
			"to": [ 12.25, 7.5, 1 ],
			"faces": {
				"down": { "uv": [ 4.5, 14.0625, 6.5625, 14.3125 ], "texture": "#texture" },
				"up": { "uv": [ 4.5, 14.0625, 6.5625, 13.8125 ], "texture": "#texture" },
				"north": { "uv": [ 14.9375, 13.1875, 12.875, 13.25 ], "texture": "#texture" },
				"south": { "uv": [ 10.8125, 13.1875, 12.875, 13.25 ], "texture": "#texture" },
				"west": { "uv": [ 11.75, 8.25, 12, 8.3125 ], "texture": "#texture" },
				"east": { "uv": [ 12.25, 8.25, 12, 8.3125 ], "texture": "#texture" }
			}
		},
		{
			"__comment": "Voxels",
			"from": [ 4, 7.25, 2 ],
			"to": [ 11, 8.5, 2.25 ],
			"faces": {
				"down": { "uv": [ 12.5625, 12.5625, 14.3125, 12.625 ], "texture": "#texture" },
				"up": { "uv": [ 10.8125, 12.6875, 12.5625, 12.625 ], "texture": "#texture" },
				"north": { "uv": [ 6.75, 15.1875, 5, 15.5 ], "texture": "#texture" },
				"south": { "uv": [ 5, 14.875, 6.75, 15.1875 ], "texture": "#texture" },
				"west": { "uv": [ 11.625, 9.875, 11.6875, 10.1875 ], "texture": "#texture" },
				"east": { "uv": [ 11.625, 9.875, 11.5625, 10.1875 ], "texture": "#texture" }
			}
		},
		{
			"__comment": "Voxels",
			"from": [ 4, 7.25, 2.25 ],
			"to": [ 11, 7.75, 3 ],
			"faces": {
				"down": { "uv": [ 4.5, 8, 6.25, 8.1875 ], "texture": "#texture" },
				"up": { "uv": [ 11.125, 15.5, 12.875, 15.3125 ], "texture": "#texture" },
				"north": { "uv": [ 11.9375, 14.125, 10.1875, 14.25 ], "texture": "#texture" },
				"south": { "uv": [ 11.9375, 14.125, 13.6875, 14.25 ], "texture": "#texture" },
				"west": { "uv": [ 10.625, 9.4375, 10.8125, 9.5625 ], "texture": "#texture" },
				"east": { "uv": [ 10.8125, 9.1875, 10.625, 9.3125 ], "texture": "#texture" }
			}
		},
		{
			"__comment": "Voxels",
			"from": [ 4, 7.25, 14.75 ],
			"to": [ 5, 7.5, 16 ],
			"faces": {
				"down": { "uv": [ 3.75, 8.6875, 4, 9 ], "texture": "#texture" },
				"up": { "uv": [ 6.75, 15.1875, 7, 14.875 ], "texture": "#texture" },
				"north": { "uv": [ 12, 8.5625, 11.75, 8.625 ], "texture": "#texture" },
				"south": { "uv": [ 14, 11.625, 14.25, 11.6875 ], "texture": "#texture" },
				"west": { "uv": [ 8.625, 9.3125, 8.9375, 9.375 ], "texture": "#texture" },
				"east": { "uv": [ 8.9375, 9.5625, 8.625, 9.625 ], "texture": "#texture" }
			}
		},
		{
			"__comment": "Voxels",
			"from": [ 4, 7.5, 0 ],
			"to": [ 12, 7.75, 1 ],
			"faces": {
				"down": { "uv": [ 4.5, 11.9375, 6.5, 12.1875 ], "texture": "#texture" },
				"up": { "uv": [ 4.5, 11.9375, 6.5, 11.6875 ], "texture": "#texture" },
				"north": { "uv": [ 12.8125, 13.0625, 10.8125, 13.125 ], "texture": "#texture" },
				"south": { "uv": [ 12.8125, 13.0625, 14.8125, 13.125 ], "texture": "#texture" },
				"west": { "uv": [ 14.5, 11.5625, 14.75, 11.625 ], "texture": "#texture" },
				"east": { "uv": [ 14.5, 11.5625, 14.25, 11.625 ], "texture": "#texture" }
			}
		},
		{
			"__comment": "Voxels",
			"from": [ 4, 7.5, 15 ],
			"to": [ 12, 7.75, 16 ],
			"faces": {
				"down": { "uv": [ 4.5, 9.1875, 6.5, 9.4375 ], "texture": "#texture" },
				"up": { "uv": [ 4.5, 9.1875, 6.5, 8.9375 ], "texture": "#texture" },
				"north": { "uv": [ 12.8125, 13, 10.8125, 13.0625 ], "texture": "#texture" },
				"south": { "uv": [ 12.8125, 13, 14.8125, 13.0625 ], "texture": "#texture" },
				"west": { "uv": [ 13.5, 11.5625, 13.75, 11.625 ], "texture": "#texture" },
				"east": { "uv": [ 13.5, 11.5625, 13.25, 11.625 ], "texture": "#texture" }
			}
		},
		{
			"__comment": "Voxels",
			"from": [ 4, 7.75, 0.75 ],
			"to": [ 11, 8.5, 1 ],
			"faces": {
				"down": { "uv": [ 13.6875, 14.125, 15.4375, 14.1875 ], "texture": "#texture" },
				"up": { "uv": [ 12.5625, 12.375, 14.3125, 12.3125 ], "texture": "#texture" },
				"north": { "uv": [ 9.25, 15.125, 7.5, 15.3125 ], "texture": "#texture" },
				"south": { "uv": [ 9.25, 15.125, 11, 15.3125 ], "texture": "#texture" },
				"west": { "uv": [ 12.25, 9.3125, 12.3125, 9.5 ], "texture": "#texture" },
				"east": { "uv": [ 10.875, 8, 10.8125, 8.1875 ], "texture": "#texture" }
			}
		},
		{
			"__comment": "Voxels",
			"from": [ 4, 7.75, 2.25 ],
			"to": [ 4.25, 8.5, 3 ],
			"faces": {
				"down": { "uv": [ 11.5, 10.625, 11.5625, 10.8125 ], "texture": "#texture" },
				"up": { "uv": [ 10.0625, 9.9375, 10.125, 9.75 ], "texture": "#texture" },
				"north": { "uv": [ 10.125, 9.9375, 10.0625, 10.125 ], "texture": "#texture" },
				"south": { "uv": [ 12.5625, 8.625, 12.625, 8.8125 ], "texture": "#texture" },
				"west": { "uv": [ 9.3125, 10.8125, 9.5, 11 ], "texture": "#texture" },
				"east": { "uv": [ 11.125, 10.8125, 10.9375, 11 ], "texture": "#texture" }
			}
		},
		{
			"__comment": "Voxels",
			"from": [ 4, 8.25, 6.25 ],
			"to": [ 5.25, 8.5, 12.75 ],
			"faces": {
				"down": { "uv": [ 4.8125, 12.1875, 5.125, 13.8125 ], "texture": "#texture" },
				"up": { "uv": [ 4.5, 13.8125, 4.8125, 12.1875 ], "texture": "#texture" },
				"north": { "uv": [ 8.9375, 9.8125, 8.625, 9.875 ], "texture": "#texture" },
				"south": { "uv": [ 8.6875, 10.0625, 9, 10.125 ], "texture": "#texture" },
				"west": { "uv": [ 14.3125, 12.625, 15.9375, 12.6875 ], "texture": "#texture" },
				"east": { "uv": [ 15.9375, 12.5625, 14.3125, 12.625 ], "texture": "#texture" }
			}
		},
		{
			"__comment": "Voxels",
			"from": [ 4, 8.5, 1 ],
			"to": [ 11, 8.75, 2 ],
			"faces": {
				"down": { "uv": [ 4.5, 8.1875, 6.25, 8.4375 ], "texture": "#texture" },
				"up": { "uv": [ 7.5, 16, 9.25, 15.75 ], "texture": "#texture" },
				"north": { "uv": [ 12.5625, 12.3125, 10.8125, 12.375 ], "texture": "#texture" },
				"south": { "uv": [ 1.75, 8, 3.5, 8.0625 ], "texture": "#texture" },
				"west": { "uv": [ 13, 11.6875, 13.25, 11.75 ], "texture": "#texture" },
				"east": { "uv": [ 12, 8.4375, 11.75, 8.5 ], "texture": "#texture" }
			}
		},
		{
			"__comment": "Voxels",
			"from": [ 4, 8.5, 6 ],
			"to": [ 5, 8.75, 13 ],
			"faces": {
				"down": { "uv": [ 7.25, 12.5, 7.5, 14.25 ], "texture": "#texture" },
				"up": { "uv": [ 7.25, 16, 7.5, 14.25 ], "texture": "#texture" },
				"north": { "uv": [ 12.25, 8.5, 12, 8.5625 ], "texture": "#texture" },
				"south": { "uv": [ 13.5625, 11.4375, 13.8125, 11.5 ], "texture": "#texture" },
				"west": { "uv": [ 10.8125, 12.5625, 12.5625, 12.625 ], "texture": "#texture" },
				"east": { "uv": [ 12.5625, 12.5, 10.8125, 12.5625 ], "texture": "#texture" }
			}
		},
		{
			"__comment": "Voxels",
			"from": [ 4.75, 7.75, 14.25 ],
			"to": [ 5, 8.5, 15 ],
			"faces": {
				"down": { "uv": [ 12.5625, 10.5, 12.625, 10.6875 ], "texture": "#texture" },
				"up": { "uv": [ 12.375, 11.4375, 12.4375, 11.25 ], "texture": "#texture" },
				"north": { "uv": [ 12.5625, 9.375, 12.5, 9.5625 ], "texture": "#texture" },
				"south": { "uv": [ 12.375, 9, 12.4375, 9.1875 ], "texture": "#texture" },
				"west": { "uv": [ 10.625, 8.5, 10.8125, 8.6875 ], "texture": "#texture" },
				"east": { "uv": [ 11.5625, 11.0625, 11.375, 11.25 ], "texture": "#texture" }
			}
		},
		{
			"__comment": "Voxels",
			"from": [ 4.75, 8.25, 13.75 ],
			"to": [ 8, 8.5, 14 ],
			"faces": {
				"down": { "uv": [ 11.5625, 11.9375, 12.375, 12 ], "texture": "#texture" },
				"up": { "uv": [ 13.1875, 12, 14, 11.9375 ], "texture": "#texture" },
				"north": { "uv": [ 13.625, 12, 12.8125, 12.0625 ], "texture": "#texture" },
				"south": { "uv": [ 14.8125, 12.6875, 15.625, 12.75 ], "texture": "#texture" },
				"west": { "uv": [ 12.1875, 9.375, 12.25, 9.4375 ], "texture": "#texture" },
				"east": { "uv": [ 16, 11.9375, 15.9375, 12 ], "texture": "#texture" }
			}
		},
		{
			"__comment": "Voxels",
			"from": [ 5, 7.25, 6 ],
			"to": [ 6, 8.25, 6.25 ],
			"faces": {
				"down": { "uv": [ 15, 11.5, 15.25, 11.5625 ], "texture": "#texture" },
				"up": { "uv": [ 15.25, 11.5625, 15.5, 11.5 ], "texture": "#texture" },
				"north": { "uv": [ 8.9375, 10.5625, 8.6875, 10.8125 ], "texture": "#texture" },
				"south": { "uv": [ 15.75, 15.75, 16, 16 ], "texture": "#texture" },
				"west": { "uv": [ 8.9375, 13.375, 9, 13.625 ], "texture": "#texture" },
				"east": { "uv": [ 9, 10.5625, 8.9375, 10.8125 ], "texture": "#texture" }
			}
		},
		{
			"__comment": "Voxels",
			"from": [ 5, 7.25, 6.25 ],
			"to": [ 6, 7.75, 14 ],
			"faces": {
				"down": { "uv": [ 7, 12.125, 7.25, 14.0625 ], "texture": "#texture" },
				"up": { "uv": [ 7, 16, 7.25, 14.0625 ], "texture": "#texture" },
				"north": { "uv": [ 12.25, 10.3125, 12, 10.4375 ], "texture": "#texture" },
				"south": { "uv": [ 11.3125, 10.5, 11.5625, 10.625 ], "texture": "#texture" },
				"west": { "uv": [ 12.3125, 14.5, 14.25, 14.625 ], "texture": "#texture" },
				"east": { "uv": [ 12.3125, 14.5, 10.375, 14.625 ], "texture": "#texture" }
			}
		},
		{
			"__comment": "Voxels",
			"from": [ 5, 7.25, 15 ],
			"to": [ 15, 7.5, 15.25 ],
			"faces": {
				"down": { "uv": [ 12.75, 15.125, 15.25, 15.1875 ], "texture": "#texture" },
				"up": { "uv": [ 12.5, 14.0625, 15, 14 ], "texture": "#texture" },
				"north": { "uv": [ 12, 13.8125, 9.5, 13.875 ], "texture": "#texture" },
				"south": { "uv": [ 12, 13.8125, 14.5, 13.875 ], "texture": "#texture" },
				"west": { "uv": [ 8.9375, 9.3125, 9, 9.375 ], "texture": "#texture" },
				"east": { "uv": [ 9, 9.5625, 8.9375, 9.625 ], "texture": "#texture" }
			}
		},
		{
			"__comment": "Voxels",
			"from": [ 5, 7.25, 15.25 ],
			"to": [ 12.25, 7.5, 16 ],
			"faces": {
				"down": { "uv": [ 9.3125, 15.3125, 11.125, 15.5 ], "texture": "#texture" },
				"up": { "uv": [ 7.5, 15.5, 9.3125, 15.3125 ], "texture": "#texture" },
				"north": { "uv": [ 12.1875, 14.4375, 10.375, 14.5 ], "texture": "#texture" },
				"south": { "uv": [ 12.3125, 14.4375, 14.125, 14.5 ], "texture": "#texture" },
				"west": { "uv": [ 12.0625, 9.125, 12.25, 9.1875 ], "texture": "#texture" },
				"east": { "uv": [ 12.25, 9.0625, 12.0625, 9.125 ], "texture": "#texture" }
			}
		},
		{
			"__comment": "Voxels",
			"from": [ 5, 7.75, 6.25 ],
			"to": [ 5.25, 8.25, 14 ],
			"faces": {
				"down": { "uv": [ 9.5, 9.625, 9.5625, 11.5625 ], "texture": "#texture" },
				"up": { "uv": [ 7.875, 13.75, 7.9375, 11.8125 ], "texture": "#texture" },
				"north": { "uv": [ 13, 11.3125, 12.9375, 11.4375 ], "texture": "#texture" },
				"south": { "uv": [ 12.875, 11.3125, 12.9375, 11.4375 ], "texture": "#texture" },
				"west": { "uv": [ 9, 14.3125, 10.9375, 14.4375 ], "texture": "#texture" },
				"east": { "uv": [ 12.875, 14.3125, 10.9375, 14.4375 ], "texture": "#texture" }
			}
		},
		{
			"__comment": "Voxels",
			"from": [ 5, 7.75, 15 ],
			"to": [ 11, 8.5, 15.25 ],
			"faces": {
				"down": { "uv": [ 14.3125, 12.4375, 15.8125, 12.5 ], "texture": "#texture" },
				"up": { "uv": [ 14.3125, 12.4375, 15.8125, 12.375 ], "texture": "#texture" },
				"north": { "uv": [ 14.1875, 14.8125, 12.6875, 15 ], "texture": "#texture" },
				"south": { "uv": [ 11.1875, 14.8125, 12.6875, 15 ], "texture": "#texture" },
				"west": { "uv": [ 12.5625, 9.75, 12.625, 9.9375 ], "texture": "#texture" },
				"east": { "uv": [ 12.625, 9.5625, 12.5625, 9.75 ], "texture": "#texture" }
			}
		},
		{
			"__comment": "Voxels",
			"from": [ 5, 8.25, 12.75 ],
			"to": [ 5.25, 8.5, 13.75 ],
			"faces": {
				"down": { "uv": [ 11.5625, 8.75, 11.625, 9 ], "texture": "#texture" },
				"up": { "uv": [ 11.6875, 9.25, 11.75, 9 ], "texture": "#texture" },
				"north": { "uv": [ 12.25, 8.75, 12.1875, 8.8125 ], "texture": "#texture" },
				"south": { "uv": [ 12.1875, 9.4375, 12.25, 9.5 ], "texture": "#texture" },
				"west": { "uv": [ 13, 11.5625, 13.25, 11.625 ], "texture": "#texture" },
				"east": { "uv": [ 13, 11.625, 12.75, 11.6875 ], "texture": "#texture" }
			}
		},
		{
			"__comment": "Voxels",
			"from": [ 5, 8.5, 14 ],
			"to": [ 11, 8.75, 15 ],
			"faces": {
				"down": { "uv": [ 9.25, 15.75, 10.75, 16 ], "texture": "#texture" },
				"up": { "uv": [ 12.25, 16, 13.75, 15.75 ], "texture": "#texture" },
				"north": { "uv": [ 15.8125, 12.5, 14.3125, 12.5625 ], "texture": "#texture" },
				"south": { "uv": [ 14.5, 13.8125, 16, 13.875 ], "texture": "#texture" },
				"west": { "uv": [ 15.25, 11.6875, 15.5, 11.75 ], "texture": "#texture" },
				"east": { "uv": [ 12.25, 8.3125, 12, 8.375 ], "texture": "#texture" }
			}
		},
		{
			"__comment": "Voxels",
			"from": [ 5.25, 7.75, 13.75 ],
			"to": [ 8, 8.25, 14 ],
			"faces": {
				"down": { "uv": [ 11.5625, 11.75, 12.25, 11.8125 ], "texture": "#texture" },
				"up": { "uv": [ 13.625, 11.8125, 14.3125, 11.75 ], "texture": "#texture" },
				"north": { "uv": [ 10.8125, 10.75, 10.125, 10.875 ], "texture": "#texture" },
				"south": { "uv": [ 10.125, 11, 10.8125, 11.125 ], "texture": "#texture" },
				"west": { "uv": [ 12.8125, 11.3125, 12.875, 11.4375 ], "texture": "#texture" },
				"east": { "uv": [ 12.6875, 10.375, 12.625, 10.5 ], "texture": "#texture" }
			}
		},
		{
			"__comment": "Voxels",
			"from": [ 5.75, 7.75, 4 ],
			"to": [ 6, 8.5, 4.75 ],
			"faces": {
				"down": { "uv": [ 12.3125, 8.25, 12.375, 8.4375 ], "texture": "#texture" },
				"up": { "uv": [ 12.375, 9.5625, 12.4375, 9.375 ], "texture": "#texture" },
				"north": { "uv": [ 12.4375, 9.1875, 12.375, 9.375 ], "texture": "#texture" },
				"south": { "uv": [ 12.375, 8.8125, 12.4375, 9 ], "texture": "#texture" },
				"west": { "uv": [ 11.1875, 11.0625, 11.375, 11.25 ], "texture": "#texture" },
				"east": { "uv": [ 11.5, 10.8125, 11.3125, 11 ], "texture": "#texture" }
			}
		},
		{
			"__comment": "Voxels",
			"from": [ 5.75, 7.75, 6.25 ],
			"to": [ 6, 8.5, 8 ],
			"faces": {
				"down": { "uv": [ 10, 12.125, 10.0625, 12.5625 ], "texture": "#texture" },
				"up": { "uv": [ 11.5, 8.6875, 11.5625, 8.25 ], "texture": "#texture" },
				"north": { "uv": [ 9, 8.875, 8.9375, 9.0625 ], "texture": "#texture" },
				"south": { "uv": [ 12.5625, 8.8125, 12.625, 9 ], "texture": "#texture" },
				"west": { "uv": [ 15.4375, 14.125, 15.875, 14.3125 ], "texture": "#texture" },
				"east": { "uv": [ 9.9375, 8.125, 9.5, 8.3125 ], "texture": "#texture" }
			}
		},
		{
			"__comment": "Voxels",
			"from": [ 6, 7.25, 8 ],
			"to": [ 8, 8.5, 8.25 ],
			"faces": {
				"down": { "uv": [ 11.75, 10.25, 12.25, 10.3125 ], "texture": "#texture" },
				"up": { "uv": [ 11.75, 11.25, 12.25, 11.1875 ], "texture": "#texture" },
				"north": { "uv": [ 4.5, 8, 4, 8.3125 ], "texture": "#texture" },
				"south": { "uv": [ 3.5, 8.0625, 4, 8.375 ], "texture": "#texture" },
				"west": { "uv": [ 11.5625, 10.8125, 11.625, 11.125 ], "texture": "#texture" },
				"east": { "uv": [ 11.6875, 10.8125, 11.625, 11.125 ], "texture": "#texture" }
			}
		},
		{
			"__comment": "Voxels",
			"from": [ 6, 7.25, 8.25 ],
			"to": [ 8, 7.75, 14 ],
			"faces": {
				"down": { "uv": [ 4, 14.5625, 4.5, 16 ], "texture": "#texture" },
				"up": { "uv": [ 4, 11.6875, 4.5, 10.25 ], "texture": "#texture" },
				"north": { "uv": [ 10.625, 8.9375, 10.125, 9.0625 ], "texture": "#texture" },
				"south": { "uv": [ 10.125, 9.0625, 10.625, 9.1875 ], "texture": "#texture" },
				"west": { "uv": [ 10.4375, 13.875, 11.875, 14 ], "texture": "#texture" },
				"east": { "uv": [ 10.4375, 13.875, 9, 14 ], "texture": "#texture" }
			}
		},
		{
			"__comment": "Voxels",
			"from": [ 6, 7.75, 3.75 ],
			"to": [ 13, 8.5, 4 ],
			"faces": {
				"down": { "uv": [ 12.5625, 12.4375, 14.3125, 12.5 ], "texture": "#texture" },
				"up": { "uv": [ 10.8125, 12.4375, 12.5625, 12.375 ], "texture": "#texture" },
				"north": { "uv": [ 12.75, 15.125, 11, 15.3125 ], "texture": "#texture" },
				"south": { "uv": [ 12.875, 15.3125, 14.625, 15.5 ], "texture": "#texture" },
				"west": { "uv": [ 12.5625, 9.9375, 12.625, 10.125 ], "texture": "#texture" },
				"east": { "uv": [ 12.5625, 8.8125, 12.5, 9 ], "texture": "#texture" }
			}
		},
		{
			"__comment": "Voxels",
			"from": [ 6, 8.5, 4 ],
			"to": [ 14, 8.75, 5 ],
			"faces": {
				"down": { "uv": [ 4.5, 9.6875, 6.5, 9.9375 ], "texture": "#texture" },
				"up": { "uv": [ 4.5, 10.1875, 6.5, 9.9375 ], "texture": "#texture" },
				"north": { "uv": [ 14.8125, 12.9375, 12.8125, 13 ], "texture": "#texture" },
				"south": { "uv": [ 10.8125, 12.875, 12.8125, 12.9375 ], "texture": "#texture" },
				"west": { "uv": [ 15.75, 11.6875, 16, 11.75 ], "texture": "#texture" },
				"east": { "uv": [ 15.75, 11.6875, 15.5, 11.75 ], "texture": "#texture" }
			}
		},
		{
			"__comment": "Voxels",
			"from": [ 6, 8.5, 6 ],
			"to": [ 7, 8.75, 8 ],
			"faces": {
				"down": { "uv": [ 9, 9.4375, 9.25, 9.9375 ], "texture": "#texture" },
				"up": { "uv": [ 9.25, 9.9375, 9.5, 9.4375 ], "texture": "#texture" },
				"north": { "uv": [ 15.25, 11.6875, 15, 11.75 ], "texture": "#texture" },
				"south": { "uv": [ 14.75, 11.6875, 15, 11.75 ], "texture": "#texture" },
				"west": { "uv": [ 11.75, 11.375, 12.25, 11.4375 ], "texture": "#texture" },
				"east": { "uv": [ 12.25, 11.3125, 11.75, 11.375 ], "texture": "#texture" }
			}
		},
		{
			"__comment": "Voxels",
			"from": [ 7, 7.25, 5 ],
			"to": [ 14, 8.5, 5.25 ],
			"faces": {
				"down": { "uv": [ 12.5625, 12.625, 14.3125, 12.6875 ], "texture": "#texture" },
				"up": { "uv": [ 12.5625, 12.4375, 14.3125, 12.375 ], "texture": "#texture" },
				"north": { "uv": [ 3.5, 8.0625, 1.75, 8.375 ], "texture": "#texture" },
				"south": { "uv": [ 5, 14.5625, 6.75, 14.875 ], "texture": "#texture" },
				"west": { "uv": [ 11.6875, 10.8125, 11.75, 11.125 ], "texture": "#texture" },
				"east": { "uv": [ 11.625, 10.5, 11.5625, 10.8125 ], "texture": "#texture" }
			}
		},
		{
			"__comment": "Voxels",
			"from": [ 7, 7.25, 5.25 ],
			"to": [ 14, 7.75, 7 ],
			"faces": {
				"down": { "uv": [ 0, 8.5625, 1.75, 9 ], "texture": "#texture" },
				"up": { "uv": [ 0, 8.5625, 1.75, 8.125 ], "texture": "#texture" },
				"north": { "uv": [ 15.4375, 14.1875, 13.6875, 14.3125 ], "texture": "#texture" },
				"south": { "uv": [ 12.875, 14.3125, 14.625, 14.4375 ], "texture": "#texture" },
				"west": { "uv": [ 10.375, 10.25, 10.8125, 10.375 ], "texture": "#texture" },
				"east": { "uv": [ 10.8125, 10.125, 10.375, 10.25 ], "texture": "#texture" }
			}
		},
		{
			"__comment": "Voxels",
			"from": [ 7, 7.75, 5.25 ],
			"to": [ 7.25, 8.5, 7 ],
			"faces": {
				"down": { "uv": [ 9.5625, 9.625, 9.625, 10.0625 ], "texture": "#texture" },
				"up": { "uv": [ 11.4375, 8.6875, 11.5, 8.25 ], "texture": "#texture" },
				"north": { "uv": [ 12.5625, 9.9375, 12.5, 10.125 ], "texture": "#texture" },
				"south": { "uv": [ 12.5, 10.125, 12.5625, 10.3125 ], "texture": "#texture" },
				"west": { "uv": [ 9, 8.25, 9.4375, 8.4375 ], "texture": "#texture" },
				"east": { "uv": [ 9.9375, 8.3125, 9.5, 8.5 ], "texture": "#texture" }
			}
		},
		{
			"__comment": "Voxels",
			"from": [ 7, 8.5, 7 ],
			"to": [ 15, 8.75, 8 ],
			"faces": {
				"down": { "uv": [ 4.5, 11.1875, 6.5, 11.4375 ], "texture": "#texture" },
				"up": { "uv": [ 4.5, 11.6875, 6.5, 11.4375 ], "texture": "#texture" },
				"north": { "uv": [ 14.8125, 12.875, 12.8125, 12.9375 ], "texture": "#texture" },
				"south": { "uv": [ 10.8125, 12.8125, 12.8125, 12.875 ], "texture": "#texture" },
				"west": { "uv": [ 11.75, 8.5, 12, 8.5625 ], "texture": "#texture" },
				"east": { "uv": [ 12.25, 8.5625, 12, 8.625 ], "texture": "#texture" }
			}
		},
		{
			"__comment": "Voxels",
			"from": [ 7.25, 7.75, 6.75 ],
			"to": [ 15.25, 8.5, 7 ],
			"faces": {
				"down": { "uv": [ 12.8125, 12.8125, 14.8125, 12.875 ], "texture": "#texture" },
				"up": { "uv": [ 10.8125, 12.8125, 12.8125, 12.75 ], "texture": "#texture" },
				"north": { "uv": [ 13, 15.5625, 11, 15.75 ], "texture": "#texture" },
				"south": { "uv": [ 13, 15.5625, 15, 15.75 ], "texture": "#texture" },
				"west": { "uv": [ 12.4375, 9.1875, 12.5, 9.375 ], "texture": "#texture" },
				"east": { "uv": [ 12.5, 9.375, 12.4375, 9.5625 ], "texture": "#texture" }
			}
		},
		{
			"__comment": "Voxels",
			"from": [ 7.75, 7.75, 8.25 ],
			"to": [ 8, 8.5, 13.75 ],
			"faces": {
				"down": { "uv": [ 9.75, 10.1875, 9.8125, 11.5625 ], "texture": "#texture" },
				"up": { "uv": [ 10.125, 12.75, 10.1875, 11.375 ], "texture": "#texture" },
				"north": { "uv": [ 12.5, 9.5625, 12.4375, 9.75 ], "texture": "#texture" },
				"south": { "uv": [ 12.4375, 10.125, 12.5, 10.3125 ], "texture": "#texture" },
				"west": { "uv": [ 14.625, 15.3125, 16, 15.5 ], "texture": "#texture" },
				"east": { "uv": [ 10.375, 14.4375, 9, 14.625 ], "texture": "#texture" }
			}
		},
		{
			"__comment": "Voxels",
			"from": [ 8, 8.5, 8 ],
			"to": [ 9, 8.75, 14 ],
			"faces": {
				"down": { "uv": [ 5.75, 12.3125, 6, 13.8125 ], "texture": "#texture" },
				"up": { "uv": [ 6, 13.8125, 6.25, 12.3125 ], "texture": "#texture" },
				"north": { "uv": [ 7, 14.5625, 6.75, 14.625 ], "texture": "#texture" },
				"south": { "uv": [ 13.3125, 11.4375, 13.5625, 11.5 ], "texture": "#texture" },
				"west": { "uv": [ 11.5625, 12.125, 13.0625, 12.1875 ], "texture": "#texture" },
				"east": { "uv": [ 14.5625, 12.1875, 13.0625, 12.25 ], "texture": "#texture" }
			}
		},
		{
			"__comment": "Voxels",
			"from": [ 9, 7.25, 8 ],
			"to": [ 11, 8.5, 8.25 ],
			"faces": {
				"down": { "uv": [ 11.75, 10.0625, 12.25, 10.125 ], "texture": "#texture" },
				"up": { "uv": [ 11.75, 10.0625, 12.25, 10 ], "texture": "#texture" },
				"north": { "uv": [ 8.75, 8.25, 8.25, 8.5625 ], "texture": "#texture" },
				"south": { "uv": [ 9, 13.25, 9.5, 13.5625 ], "texture": "#texture" },
				"west": { "uv": [ 11.625, 10.5, 11.6875, 10.8125 ], "texture": "#texture" },
				"east": { "uv": [ 11.75, 10.5, 11.6875, 10.8125 ], "texture": "#texture" }
			}
		},
		{
			"__comment": "Voxels",
			"from": [ 9, 7.25, 8.25 ],
			"to": [ 11, 7.75, 14 ],
			"faces": {
				"down": { "uv": [ 4, 13.125, 4.5, 14.5625 ], "texture": "#texture" },
				"up": { "uv": [ 4, 13.125, 4.5, 11.6875 ], "texture": "#texture" },
				"north": { "uv": [ 10.625, 9.1875, 10.125, 9.3125 ], "texture": "#texture" },
				"south": { "uv": [ 10.25, 12, 10.75, 12.125 ], "texture": "#texture" },
				"west": { "uv": [ 13.3125, 13.875, 14.75, 14 ], "texture": "#texture" },
				"east": { "uv": [ 13.3125, 13.875, 11.875, 14 ], "texture": "#texture" }
			}
		},
		{
			"__comment": "Voxels",
			"from": [ 9, 7.75, 8.25 ],
			"to": [ 9.25, 8.5, 14 ],
			"faces": {
				"down": { "uv": [ 9.625, 10.125, 9.6875, 11.5625 ], "texture": "#texture" },
				"up": { "uv": [ 9.6875, 11.5625, 9.75, 10.125 ], "texture": "#texture" },
				"north": { "uv": [ 12.5625, 9.1875, 12.5, 9.375 ], "texture": "#texture" },
				"south": { "uv": [ 12.4375, 8.25, 12.5, 8.4375 ], "texture": "#texture" },
				"west": { "uv": [ 10.875, 14.625, 12.3125, 14.8125 ], "texture": "#texture" },
				"east": { "uv": [ 10.875, 14.625, 9.4375, 14.8125 ], "texture": "#texture" }
			}
		},
		{
			"__comment": "Voxels",
			"from": [ 9.25, 7.75, 13.75 ],
			"to": [ 11, 8.5, 14 ],
			"faces": {
				"down": { "uv": [ 15.5625, 12.125, 16, 12.1875 ], "texture": "#texture" },
				"up": { "uv": [ 11.75, 9.375, 12.1875, 9.3125 ], "texture": "#texture" },
				"north": { "uv": [ 9.4375, 8.0625, 9, 8.25 ], "texture": "#texture" },
				"south": { "uv": [ 15.4375, 14.4375, 15.875, 14.625 ], "texture": "#texture" },
				"west": { "uv": [ 12.4375, 8.4375, 12.5, 8.625 ], "texture": "#texture" },
				"east": { "uv": [ 12.4375, 9.9375, 12.375, 10.125 ], "texture": "#texture" }
			}
		},
		{
			"__comment": "Voxels",
			"from": [ 10.75, 7.75, 2.25 ],
			"to": [ 11, 8.5, 3 ],
			"faces": {
				"down": { "uv": [ 12.3125, 8.0625, 12.375, 8.25 ], "texture": "#texture" },
				"up": { "uv": [ 11.5, 11, 11.5625, 10.8125 ], "texture": "#texture" },
				"north": { "uv": [ 12.5625, 8.625, 12.5, 8.8125 ], "texture": "#texture" },
				"south": { "uv": [ 12.5, 9.75, 12.5625, 9.9375 ], "texture": "#texture" },
				"west": { "uv": [ 10.9375, 10.625, 11.125, 10.8125 ], "texture": "#texture" },
				"east": { "uv": [ 11.3125, 10.8125, 11.125, 11 ], "texture": "#texture" }
			}
		},
		{
			"__comment": "Voxels",
			"from": [ 10.75, 7.75, 8.25 ],
			"to": [ 11, 8.5, 13.75 ],
			"faces": {
				"down": { "uv": [ 9.8125, 10.1875, 9.875, 11.5625 ], "texture": "#texture" },
				"up": { "uv": [ 10.1875, 12.75, 10.25, 11.375 ], "texture": "#texture" },
				"north": { "uv": [ 12.5625, 8.4375, 12.5, 8.625 ], "texture": "#texture" },
				"south": { "uv": [ 12.5625, 9.375, 12.625, 9.5625 ], "texture": "#texture" },
				"west": { "uv": [ 12.3125, 14.625, 13.6875, 14.8125 ], "texture": "#texture" },
				"east": { "uv": [ 15.0625, 14.625, 13.6875, 14.8125 ], "texture": "#texture" }
			}
		},
		{
			"__comment": "Voxels",
			"from": [ 10.75, 8.25, 14.75 ],
			"to": [ 11.25, 8.5, 15 ],
			"faces": {
				"down": { "uv": [ 12.1875, 14.4375, 12.3125, 14.5 ], "texture": "#texture" },
				"up": { "uv": [ 15.875, 13.125, 16, 13.0625 ], "texture": "#texture" },
				"north": { "uv": [ 16, 13, 15.875, 13.0625 ], "texture": "#texture" },
				"south": { "uv": [ 10, 12.0625, 10.125, 12.125 ], "texture": "#texture" },
				"west": { "uv": [ 9.75, 10.125, 9.8125, 10.1875 ], "texture": "#texture" },
				"east": { "uv": [ 9.875, 10.125, 9.8125, 10.1875 ], "texture": "#texture" }
			}
		},
		{
			"__comment": "Voxels",
			"from": [ 11, 7.25, 1 ],
			"to": [ 15.25, 7.5, 2 ],
			"faces": {
				"down": { "uv": [ 7.9375, 13.625, 9, 13.875 ], "texture": "#texture" },
				"up": { "uv": [ 7.9375, 14.125, 9, 13.875 ], "texture": "#texture" },
				"north": { "uv": [ 16, 13.1875, 14.9375, 13.25 ], "texture": "#texture" },
				"south": { "uv": [ 14.8125, 13.125, 15.875, 13.1875 ], "texture": "#texture" },
				"west": { "uv": [ 12.5, 11.5, 12.75, 11.5625 ], "texture": "#texture" },
				"east": { "uv": [ 13, 11.5, 12.75, 11.5625 ], "texture": "#texture" }
			}
		},
		{
			"__comment": "Voxels",
			"from": [ 11, 7.25, 14 ],
			"to": [ 15.25, 7.5, 15 ],
			"faces": {
				"down": { "uv": [ 7.9375, 14.125, 9, 14.375 ], "texture": "#texture" },
				"up": { "uv": [ 7.9375, 14.625, 9, 14.375 ], "texture": "#texture" },
				"north": { "uv": [ 15.875, 13.0625, 14.8125, 13.125 ], "texture": "#texture" },
				"south": { "uv": [ 14.8125, 13, 15.875, 13.0625 ], "texture": "#texture" },
				"west": { "uv": [ 14, 11.5, 14.25, 11.5625 ], "texture": "#texture" },
				"east": { "uv": [ 14.5, 11.5, 14.25, 11.5625 ], "texture": "#texture" }
			}
		},
		{
			"__comment": "Voxels",
			"from": [ 11, 7.5, 1 ],
			"to": [ 15, 7.75, 2 ],
			"faces": {
				"down": { "uv": [ 7.9375, 13.125, 8.9375, 13.375 ], "texture": "#texture" },
				"up": { "uv": [ 7.9375, 13.625, 8.9375, 13.375 ], "texture": "#texture" },
				"north": { "uv": [ 15.8125, 12.9375, 14.8125, 13 ], "texture": "#texture" },
				"south": { "uv": [ 14.8125, 12.875, 15.8125, 12.9375 ], "texture": "#texture" },
				"west": { "uv": [ 15.5, 11.5, 15.75, 11.5625 ], "texture": "#texture" },
				"east": { "uv": [ 13.3125, 11.4375, 13.0625, 11.5 ], "texture": "#texture" }
			}
		},
		{
			"__comment": "Voxels",
			"from": [ 11, 7.5, 14 ],
			"to": [ 15, 7.75, 15 ],
			"faces": {
				"down": { "uv": [ 15, 15.5, 16, 15.75 ], "texture": "#texture" },
				"up": { "uv": [ 7.9375, 13.125, 8.9375, 12.875 ], "texture": "#texture" },
				"north": { "uv": [ 16, 14, 15, 14.0625 ], "texture": "#texture" },
				"south": { "uv": [ 14.8125, 12.8125, 15.8125, 12.875 ], "texture": "#texture" },
				"west": { "uv": [ 8.75, 8.25, 9, 8.3125 ], "texture": "#texture" },
				"east": { "uv": [ 12.25, 9.6875, 12, 9.75 ], "texture": "#texture" }
			}
		},
		{
			"__comment": "Voxels",
			"from": [ 11, 7.75, 1 ],
			"to": [ 11.25, 8.5, 2 ],
			"faces": {
				"down": { "uv": [ 8.9375, 13.125, 9, 13.375 ], "texture": "#texture" },
				"up": { "uv": [ 8.9375, 13.125, 9, 12.875 ], "texture": "#texture" },
				"north": { "uv": [ 12.5, 10.5, 12.4375, 10.6875 ], "texture": "#texture" },
				"south": { "uv": [ 12.4375, 10.3125, 12.5, 10.5 ], "texture": "#texture" },
				"west": { "uv": [ 10.375, 9.75, 10.625, 9.9375 ], "texture": "#texture" },
				"east": { "uv": [ 6.5, 8, 6.25, 8.1875 ], "texture": "#texture" }
			}
		},
		{
			"__comment": "Voxels",
			"from": [ 11, 7.75, 3 ],
			"to": [ 13, 8.5, 3.25 ],
			"faces": {
				"down": { "uv": [ 11.75, 10.4375, 12.25, 10.5 ], "texture": "#texture" },
				"up": { "uv": [ 11.75, 10.6875, 12.25, 10.625 ], "texture": "#texture" },
				"north": { "uv": [ 7, 8.75, 6.5, 8.9375 ], "texture": "#texture" },
				"south": { "uv": [ 6.5, 10.5, 7, 10.6875 ], "texture": "#texture" },
				"west": { "uv": [ 12.4375, 8.8125, 12.5, 9 ], "texture": "#texture" },
				"east": { "uv": [ 12.5, 8.625, 12.4375, 8.8125 ], "texture": "#texture" }
			}
		},
		{
			"__comment": "Voxels",
			"from": [ 11, 7.75, 14 ],
			"to": [ 14, 8.5, 14.25 ],
			"faces": {
				"down": { "uv": [ 10.8125, 10.375, 11.5625, 10.4375 ], "texture": "#texture" },
				"up": { "uv": [ 10.8125, 9.875, 11.5625, 9.8125 ], "texture": "#texture" },
				"north": { "uv": [ 16, 15.125, 15.25, 15.3125 ], "texture": "#texture" },
				"south": { "uv": [ 12.375, 13.4375, 13.125, 13.625 ], "texture": "#texture" },
				"west": { "uv": [ 12.5, 11.25, 12.5625, 11.4375 ], "texture": "#texture" },
				"east": { "uv": [ 12.5625, 10.6875, 12.5, 10.875 ], "texture": "#texture" }
			}
		},
		{
			"__comment": "Voxels",
			"from": [ 11, 7.75, 14.25 ],
			"to": [ 11.25, 8.5, 14.75 ],
			"faces": {
				"down": { "uv": [ 15.9375, 13.875, 16, 14 ], "texture": "#texture" },
				"up": { "uv": [ 15.9375, 15.125, 16, 15 ], "texture": "#texture" },
				"north": { "uv": [ 12.5625, 10.5, 12.5, 10.6875 ], "texture": "#texture" },
				"south": { "uv": [ 12.5, 10.3125, 12.5625, 10.5 ], "texture": "#texture" },
				"west": { "uv": [ 15.875, 13.625, 16, 13.8125 ], "texture": "#texture" },
				"east": { "uv": [ 9.5, 11.875, 9.375, 12.0625 ], "texture": "#texture" }
			}
		},
		{
			"__comment": "Voxels",
			"from": [ 11, 7.75, 14.75 ],
			"to": [ 11.25, 8.25, 15 ],
			"faces": {
				"down": { "uv": [ 8.9375, 9.8125, 9, 9.875 ], "texture": "#texture" },
				"up": { "uv": [ 7.875, 11.8125, 7.9375, 11.75 ], "texture": "#texture" },
				"north": { "uv": [ 5.4375, 12.1875, 5.375, 12.3125 ], "texture": "#texture" },
				"south": { "uv": [ 12.625, 8.125, 12.6875, 8.25 ], "texture": "#texture" },
				"west": { "uv": [ 12.625, 8.5, 12.6875, 8.625 ], "texture": "#texture" },
				"east": { "uv": [ 12.6875, 8.625, 12.625, 8.75 ], "texture": "#texture" }
			}
		},
		{
			"__comment": "Voxels",
			"from": [ 11, 8.25, 13.75 ],
			"to": [ 11.25, 8.75, 14 ],
			"faces": {
				"down": { "uv": [ 13.9375, 11.4375, 14, 11.5 ], "texture": "#texture" },
				"up": { "uv": [ 12.1875, 8.9375, 12.25, 8.875 ], "texture": "#texture" },
				"north": { "uv": [ 12.6875, 9.875, 12.625, 10 ], "texture": "#texture" },
				"south": { "uv": [ 12.625, 10, 12.6875, 10.125 ], "texture": "#texture" },
				"west": { "uv": [ 10.75, 11.375, 10.8125, 11.5 ], "texture": "#texture" },
				"east": { "uv": [ 5.75, 12.1875, 5.6875, 12.3125 ], "texture": "#texture" }
			}
		},
		{
			"__comment": "Voxels",
			"from": [ 11, 8.5, 2 ],
			"to": [ 14, 8.75, 3 ],
			"faces": {
				"down": { "uv": [ 7.9375, 10.3125, 8.6875, 10.5625 ], "texture": "#texture" },
				"up": { "uv": [ 7.9375, 10.3125, 8.6875, 10.0625 ], "texture": "#texture" },
				"north": { "uv": [ 11.5625, 9.875, 10.8125, 9.9375 ], "texture": "#texture" },
				"south": { "uv": [ 10.8125, 9.75, 11.5625, 9.8125 ], "texture": "#texture" },
				"west": { "uv": [ 13.5, 11.6875, 13.75, 11.75 ], "texture": "#texture" },
				"east": { "uv": [ 14, 11.6875, 13.75, 11.75 ], "texture": "#texture" }
			}
		},
		{
			"__comment": "Voxels",
			"from": [ 11, 8.5, 8 ],
			"to": [ 12, 8.75, 13.75 ],
			"faces": {
				"down": { "uv": [ 7.25, 11.0625, 7.5, 12.5 ], "texture": "#texture" },
				"up": { "uv": [ 7.25, 11.0625, 7.5, 9.625 ], "texture": "#texture" },
				"north": { "uv": [ 14.5, 11.6875, 14.25, 11.75 ], "texture": "#texture" },
				"south": { "uv": [ 14.5, 11.6875, 14.75, 11.75 ], "texture": "#texture" },
				"west": { "uv": [ 14.5625, 12.25, 16, 12.3125 ], "texture": "#texture" },
				"east": { "uv": [ 16, 12.1875, 14.5625, 12.25 ], "texture": "#texture" }
			}
		},
		{
			"__comment": "Voxels",
			"from": [ 11.25, 7.75, 1.75 ],
			"to": [ 14, 8.5, 2 ],
			"faces": {
				"down": { "uv": [ 11.5625, 11.8125, 12.25, 11.875 ], "texture": "#texture" },
				"up": { "uv": [ 15, 11.9375, 15.6875, 11.875 ], "texture": "#texture" },
				"north": { "uv": [ 12.1875, 13.25, 11.5, 13.4375 ], "texture": "#texture" },
				"south": { "uv": [ 10.8125, 13.25, 11.5, 13.4375 ], "texture": "#texture" },
				"west": { "uv": [ 12.5, 9.5625, 12.5625, 9.75 ], "texture": "#texture" },
				"east": { "uv": [ 12.5625, 9, 12.5, 9.1875 ], "texture": "#texture" }
			}
		},
		{
			"__comment": "Voxels",
			"from": [ 11.25, 8.5, 13.75 ],
			"to": [ 14, 8.75, 14 ],
			"faces": {
				"down": { "uv": [ 14.3125, 11.875, 15, 11.9375 ], "texture": "#texture" },
				"up": { "uv": [ 13.625, 11.9375, 14.3125, 11.875 ], "texture": "#texture" },
				"north": { "uv": [ 13.625, 11.875, 12.9375, 11.9375 ], "texture": "#texture" },
				"south": { "uv": [ 12.25, 11.875, 12.9375, 11.9375 ], "texture": "#texture" },
				"west": { "uv": [ 11.25, 8, 11.3125, 8.0625 ], "texture": "#texture" },
				"east": { "uv": [ 14.1875, 11.4375, 14.125, 11.5 ], "texture": "#texture" }
			}
		},
		{
			"__comment": "Voxels",
			"from": [ 12, 6.5, 0 ],
			"to": [ 12.25, 7.25, 1.25 ],
			"faces": {
				"down": { "uv": [ 11.5625, 10.1875, 11.625, 10.5 ], "texture": "#texture" },
				"up": { "uv": [ 11.625, 10.5, 11.6875, 10.1875 ], "texture": "#texture" },
				"north": { "uv": [ 12.5625, 8.25, 12.5, 8.4375 ], "texture": "#texture" },
				"south": { "uv": [ 12.5625, 10.6875, 12.625, 10.875 ], "texture": "#texture" },
				"west": { "uv": [ 8.6875, 10.375, 9, 10.5625 ], "texture": "#texture" },
				"east": { "uv": [ 16, 14.8125, 15.6875, 15 ], "texture": "#texture" }
			}
		},
		{
			"__comment": "Voxels",
			"from": [ 12, 6.5, 14.75 ],
			"to": [ 15.25, 7.25, 15 ],
			"faces": {
				"down": { "uv": [ 12.375, 11.9375, 13.1875, 12 ], "texture": "#texture" },
				"up": { "uv": [ 13.625, 12.0625, 14.4375, 12 ], "texture": "#texture" },
				"north": { "uv": [ 10.9375, 13.625, 10.125, 13.8125 ], "texture": "#texture" },
				"south": { "uv": [ 15.0625, 14.625, 15.875, 14.8125 ], "texture": "#texture" },
				"west": { "uv": [ 12.5625, 9.1875, 12.625, 9.375 ], "texture": "#texture" },
				"east": { "uv": [ 12.625, 9, 12.5625, 9.1875 ], "texture": "#texture" }
			}
		},
		{
			"__comment": "Voxels",
			"from": [ 12, 6.5, 15 ],
			"to": [ 15, 7.25, 15.25 ],
			"faces": {
				"down": { "uv": [ 10.8125, 9.5, 11.5625, 9.5625 ], "texture": "#texture" },
				"up": { "uv": [ 10.8125, 9.5, 11.5625, 9.4375 ], "texture": "#texture" },
				"north": { "uv": [ 11.625, 13.4375, 10.875, 13.625 ], "texture": "#texture" },
				"south": { "uv": [ 10.125, 13.4375, 10.875, 13.625 ], "texture": "#texture" },
				"west": { "uv": [ 12.5625, 8.4375, 12.625, 8.625 ], "texture": "#texture" },
				"east": { "uv": [ 12.625, 8.25, 12.5625, 8.4375 ], "texture": "#texture" }
			}
		},
		{
			"__comment": "Voxels",
			"from": [ 12, 6.5, 15.25 ],
			"to": [ 12.25, 7.25, 16 ],
			"faces": {
				"down": { "uv": [ 12.5625, 8.0625, 12.625, 8.25 ], "texture": "#texture" },
				"up": { "uv": [ 12.625, 11.0625, 12.6875, 10.875 ], "texture": "#texture" },
				"north": { "uv": [ 12.6875, 10.6875, 12.625, 10.875 ], "texture": "#texture" },
				"south": { "uv": [ 12.625, 10.5, 12.6875, 10.6875 ], "texture": "#texture" },
				"west": { "uv": [ 9.3125, 10.375, 9.5, 10.5625 ], "texture": "#texture" },
				"east": { "uv": [ 11.5, 10.625, 11.3125, 10.8125 ], "texture": "#texture" }
			}
		},
		{
			"__comment": "Voxels",
			"from": [ 12, 7.25, 8 ],
			"to": [ 14, 8.5, 8.25 ],
			"faces": {
				"down": { "uv": [ 11.75, 11.5, 12.25, 11.5625 ], "texture": "#texture" },
				"up": { "uv": [ 11.75, 11.625, 12.25, 11.5625 ], "texture": "#texture" },
				"north": { "uv": [ 9.5, 13.5625, 9, 13.875 ], "texture": "#texture" },
				"south": { "uv": [ 9, 12.9375, 9.5, 13.25 ], "texture": "#texture" },
				"west": { "uv": [ 11.6875, 10.1875, 11.75, 10.5 ], "texture": "#texture" },
				"east": { "uv": [ 11.75, 9.875, 11.6875, 10.1875 ], "texture": "#texture" }
			}
		},
		{
			"__comment": "Voxels",
			"from": [ 12, 7.25, 8.25 ],
			"to": [ 14, 7.75, 11 ],
			"faces": {
				"down": { "uv": [ 3.5, 10.5625, 4, 11.25 ], "texture": "#texture" },
				"up": { "uv": [ 3.5, 12, 4, 11.3125 ], "texture": "#texture" },
				"north": { "uv": [ 10.125, 9.625, 9.625, 9.75 ], "texture": "#texture" },
				"south": { "uv": [ 10.25, 11.625, 10.75, 11.75 ], "texture": "#texture" },
				"west": { "uv": [ 10.125, 11.25, 10.8125, 11.375 ], "texture": "#texture" },
				"east": { "uv": [ 10.8125, 11.125, 10.125, 11.25 ], "texture": "#texture" }
			}
		},
		{
			"__comment": "Voxels",
			"from": [ 12, 7.25, 11 ],
			"to": [ 13, 7.75, 13 ],
			"faces": {
				"down": { "uv": [ 9, 8.9375, 9.25, 9.4375 ], "texture": "#texture" },
				"up": { "uv": [ 9.25, 9.4375, 9.5, 8.9375 ], "texture": "#texture" },
				"north": { "uv": [ 10.375, 8, 10.125, 8.125 ], "texture": "#texture" },
				"south": { "uv": [ 10.375, 8, 10.625, 8.125 ], "texture": "#texture" },
				"west": { "uv": [ 10.25, 11.5, 10.75, 11.625 ], "texture": "#texture" },
				"east": { "uv": [ 10.75, 11.375, 10.25, 11.5 ], "texture": "#texture" }
			}
		},
		{
			"__comment": "Voxels",
			"from": [ 12, 7.75, 8.25 ],
			"to": [ 12.25, 8.5, 13 ],
			"faces": {
				"down": { "uv": [ 10.25, 9.5625, 10.3125, 10.75 ], "texture": "#texture" },
				"up": { "uv": [ 10.3125, 10.75, 10.375, 9.5625 ], "texture": "#texture" },
				"north": { "uv": [ 12.375, 11.25, 12.3125, 11.4375 ], "texture": "#texture" },
				"south": { "uv": [ 12.3125, 11.0625, 12.375, 11.25 ], "texture": "#texture" },
				"west": { "uv": [ 14.25, 14.4375, 15.4375, 14.625 ], "texture": "#texture" },
				"east": { "uv": [ 10.1875, 14.125, 9, 14.3125 ], "texture": "#texture" }
			}
		},
		{
			"__comment": "Voxels",
			"from": [ 12, 8.5, 13 ],
			"to": [ 14, 8.75, 13.75 ],
			"faces": {
				"down": { "uv": [ 6.5, 10.25, 7, 10.4375 ], "texture": "#texture" },
				"up": { "uv": [ 6.5, 9.6875, 7, 9.5 ], "texture": "#texture" },
				"north": { "uv": [ 12.25, 11.625, 11.75, 11.6875 ], "texture": "#texture" },
				"south": { "uv": [ 11.75, 11.125, 12.25, 11.1875 ], "texture": "#texture" },
				"west": { "uv": [ 15.8125, 12.875, 16, 12.9375 ], "texture": "#texture" },
				"east": { "uv": [ 16, 12.8125, 15.8125, 12.875 ], "texture": "#texture" }
			}
		},
		{
			"__comment": "Voxels",
			"from": [ 12.25, 6.5, 0.75 ],
			"to": [ 15, 7.5, 1 ],
			"faces": {
				"down": { "uv": [ 15.25, 12, 15.9375, 12.0625 ], "texture": "#texture" },
				"up": { "uv": [ 15.3125, 12.125, 16, 12.0625 ], "texture": "#texture" },
				"north": { "uv": [ 8.625, 9.3125, 7.9375, 9.5625 ], "texture": "#texture" },
				"south": { "uv": [ 7.9375, 9.0625, 8.625, 9.3125 ], "texture": "#texture" },
				"west": { "uv": [ 11.6875, 8.75, 11.75, 9 ], "texture": "#texture" },
				"east": { "uv": [ 11.625, 8.5, 11.5625, 8.75 ], "texture": "#texture" }
			}
		},
		{
			"__comment": "Voxels",
			"from": [ 12.25, 6.5, 1 ],
			"to": [ 15.25, 7.25, 1.25 ],
			"faces": {
				"down": { "uv": [ 10.8125, 10.1875, 11.5625, 10.25 ], "texture": "#texture" },
				"up": { "uv": [ 10.8125, 10.375, 11.5625, 10.3125 ], "texture": "#texture" },
				"north": { "uv": [ 15.5625, 13.625, 14.8125, 13.8125 ], "texture": "#texture" },
				"south": { "uv": [ 14.0625, 13.625, 14.8125, 13.8125 ], "texture": "#texture" },
				"west": { "uv": [ 12.3125, 10.5, 12.375, 10.6875 ], "texture": "#texture" },
				"east": { "uv": [ 12.375, 10.3125, 12.3125, 10.5 ], "texture": "#texture" }
			}
		},
		{
			"__comment": "Voxels",
			"from": [ 12.25, 7.75, 12.75 ],
			"to": [ 13, 8.5, 13 ],
			"faces": {
				"down": { "uv": [ 15.8125, 12.5, 16, 12.5625 ], "texture": "#texture" },
				"up": { "uv": [ 15.8125, 12.5, 16, 12.4375 ], "texture": "#texture" },
				"north": { "uv": [ 10.8125, 9.75, 10.625, 9.9375 ], "texture": "#texture" },
				"south": { "uv": [ 10.625, 9.9375, 10.8125, 10.125 ], "texture": "#texture" },
				"west": { "uv": [ 12.3125, 10.125, 12.375, 10.3125 ], "texture": "#texture" },
				"east": { "uv": [ 12.375, 9.9375, 12.3125, 10.125 ], "texture": "#texture" }
			}
		},
		{
			"__comment": "Voxels",
			"from": [ 12.75, 7.75, 3.25 ],
			"to": [ 13, 8.5, 3.75 ],
			"faces": {
				"down": { "uv": [ 12.625, 10.25, 12.6875, 10.375 ], "texture": "#texture" },
				"up": { "uv": [ 10.75, 11.625, 10.8125, 11.5 ], "texture": "#texture" },
				"north": { "uv": [ 12.375, 9.75, 12.3125, 9.9375 ], "texture": "#texture" },
				"south": { "uv": [ 12.3125, 9.5625, 12.375, 9.75 ], "texture": "#texture" },
				"west": { "uv": [ 15.875, 13.4375, 16, 13.625 ], "texture": "#texture" },
				"east": { "uv": [ 11.75, 11.375, 11.625, 11.5625 ], "texture": "#texture" }
			}
		},
		{
			"__comment": "Voxels",
			"from": [ 12.75, 7.75, 11 ],
			"to": [ 13, 8.5, 12.75 ],
			"faces": {
				"down": { "uv": [ 11.5625, 11.125, 11.625, 11.5625 ], "texture": "#texture" },
				"up": { "uv": [ 10, 12.0625, 10.0625, 11.625 ], "texture": "#texture" },
				"north": { "uv": [ 12.375, 9.375, 12.3125, 9.5625 ], "texture": "#texture" },
				"south": { "uv": [ 12.3125, 9.1875, 12.375, 9.375 ], "texture": "#texture" },
				"west": { "uv": [ 9.625, 9.9375, 10.0625, 10.125 ], "texture": "#texture" },
				"east": { "uv": [ 10.0625, 9.75, 9.625, 9.9375 ], "texture": "#texture" }
			}
		},
		{
			"__comment": "Voxels",
			"from": [ 13, 7.75, 10.75 ],
			"to": [ 14, 8.5, 11 ],
			"faces": {
				"down": { "uv": [ 14.25, 11.625, 14.5, 11.6875 ], "texture": "#texture" },
				"up": { "uv": [ 14.5, 11.6875, 14.75, 11.625 ], "texture": "#texture" },
				"north": { "uv": [ 10.625, 8.5, 10.375, 8.6875 ], "texture": "#texture" },
				"south": { "uv": [ 10.125, 8.5, 10.375, 8.6875 ], "texture": "#texture" },
				"west": { "uv": [ 12.3125, 8.625, 12.375, 8.8125 ], "texture": "#texture" },
				"east": { "uv": [ 12.375, 8.4375, 12.3125, 8.625 ], "texture": "#texture" }
			}
		},
		{
			"__comment": "Voxels",
			"from": [ 13, 8.5, 3 ],
			"to": [ 14, 8.75, 4 ],
			"faces": {
				"down": { "uv": [ 8.75, 12.3125, 9, 12.5625 ], "texture": "#texture" },
				"up": { "uv": [ 7.25, 8.375, 7.5, 8.125 ], "texture": "#texture" },
				"north": { "uv": [ 15.25, 11.5625, 15, 11.625 ], "texture": "#texture" },
				"south": { "uv": [ 15.25, 11.5625, 15.5, 11.625 ], "texture": "#texture" },
				"west": { "uv": [ 15.5, 11.5625, 15.75, 11.625 ], "texture": "#texture" },
				"east": { "uv": [ 12.25, 8.6875, 12, 8.75 ], "texture": "#texture" }
			}
		},
		{
			"__comment": "Voxels",
			"from": [ 13, 8.5, 11 ],
			"to": [ 14, 8.75, 13 ],
			"faces": {
				"down": { "uv": [ 9, 8.4375, 9.25, 8.9375 ], "texture": "#texture" },
				"up": { "uv": [ 9.25, 8.9375, 9.5, 8.4375 ], "texture": "#texture" },
				"north": { "uv": [ 12.25, 8.4375, 12, 8.5 ], "texture": "#texture" },
				"south": { "uv": [ 12.25, 11.625, 12.5, 11.6875 ], "texture": "#texture" },
				"west": { "uv": [ 6.5, 10.1875, 7, 10.25 ], "texture": "#texture" },
				"east": { "uv": [ 7, 10.4375, 6.5, 10.5 ], "texture": "#texture" }
			}
		},
		{
			"__comment": "Voxels",
			"from": [ 13.75, 7.75, 5.25 ],
			"to": [ 15.25, 8.5, 6.75 ],
			"faces": {
				"down": { "uv": [ 9, 12.0625, 9.375, 12.4375 ], "texture": "#texture" },
				"up": { "uv": [ 9, 12.0625, 9.375, 11.6875 ], "texture": "#texture" },
				"north": { "uv": [ 9, 9.875, 8.625, 10.0625 ], "texture": "#texture" },
				"south": { "uv": [ 8.625, 9.125, 9, 9.3125 ], "texture": "#texture" },
				"west": { "uv": [ 8.625, 9.375, 9, 9.5625 ], "texture": "#texture" },
				"east": { "uv": [ 9, 9.625, 8.625, 9.8125 ], "texture": "#texture" }
			}
		},
		{
			"__comment": "Voxels",
			"from": [ 13.75, 7.75, 8.25 ],
			"to": [ 14, 8.5, 10.75 ],
			"faces": {
				"down": { "uv": [ 11.25, 8.0625, 11.3125, 8.6875 ], "texture": "#texture" },
				"up": { "uv": [ 11.375, 8.6875, 11.4375, 8.0625 ], "texture": "#texture" },
				"north": { "uv": [ 12.4375, 11.0625, 12.375, 11.25 ], "texture": "#texture" },
				"south": { "uv": [ 12.375, 10.875, 12.4375, 11.0625 ], "texture": "#texture" },
				"west": { "uv": [ 9.5, 8.5, 10.125, 8.6875 ], "texture": "#texture" },
				"east": { "uv": [ 10.125, 8.6875, 9.5, 8.875 ], "texture": "#texture" }
			}
		},
		{
			"__comment": "Voxels",
			"from": [ 13.75, 8.25, 13.75 ],
			"to": [ 14.25, 8.5, 14 ],
			"faces": {
				"down": { "uv": [ 10, 11.5625, 10.125, 11.625 ], "texture": "#texture" },
				"up": { "uv": [ 9.875, 10.1875, 10, 10.125 ], "texture": "#texture" },
				"north": { "uv": [ 16, 13.125, 15.875, 13.1875 ], "texture": "#texture" },
				"south": { "uv": [ 14.125, 14.4375, 14.25, 14.5 ], "texture": "#texture" },
				"west": { "uv": [ 15.9375, 12.6875, 16, 12.75 ], "texture": "#texture" },
				"east": { "uv": [ 16, 12.625, 15.9375, 12.6875 ], "texture": "#texture" }
			}
		},
		{
			"__comment": "Voxels",
			"from": [ 14, 7.25, 2 ],
			"to": [ 15.25, 7.5, 5 ],
			"faces": {
				"down": { "uv": [ 3.5, 9, 3.8125, 9.75 ], "texture": "#texture" },
				"up": { "uv": [ 3.5, 10.5, 3.8125, 9.75 ], "texture": "#texture" },
				"north": { "uv": [ 8.9375, 9.0625, 8.625, 9.125 ], "texture": "#texture" },
				"south": { "uv": [ 8.625, 8.8125, 8.9375, 8.875 ], "texture": "#texture" },
				"west": { "uv": [ 10.8125, 9.0625, 11.5625, 9.125 ], "texture": "#texture" },
				"east": { "uv": [ 11.5625, 9.5625, 10.8125, 9.625 ], "texture": "#texture" }
			}
		},
		{
			"__comment": "Voxels",
			"from": [ 14, 7.25, 11 ],
			"to": [ 16.25, 7.5, 12 ],
			"faces": {
				"down": { "uv": [ 9.5, 13.3125, 10.0625, 13.5625 ], "texture": "#texture" },
				"up": { "uv": [ 9.5, 13.3125, 10.0625, 13.0625 ], "texture": "#texture" },
				"north": { "uv": [ 11.5, 11, 10.9375, 11.0625 ], "texture": "#texture" },
				"south": { "uv": [ 15.375, 11.9375, 15.9375, 12 ], "texture": "#texture" },
				"west": { "uv": [ 15.5, 11.625, 15.75, 11.6875 ], "texture": "#texture" },
				"east": { "uv": [ 15, 11.625, 14.75, 11.6875 ], "texture": "#texture" }
			}
		},
		{
			"__comment": "Voxels",
			"from": [ 14, 7.25, 12 ],
			"to": [ 16, 7.5, 12.25 ],
			"faces": {
				"down": { "uv": [ 11.75, 9.9375, 12.25, 10 ], "texture": "#texture" },
				"up": { "uv": [ 11.75, 11.75, 12.25, 11.6875 ], "texture": "#texture" },
				"north": { "uv": [ 7, 8.9375, 6.5, 9 ], "texture": "#texture" },
				"south": { "uv": [ 15.3125, 11.75, 15.8125, 11.8125 ], "texture": "#texture" },
				"west": { "uv": [ 8.9375, 8.8125, 9, 8.875 ], "texture": "#texture" },
				"east": { "uv": [ 9, 8.5625, 8.9375, 8.625 ], "texture": "#texture" }
			}
		},
		{
			"__comment": "Voxels",
			"from": [ 14, 7.25, 12.25 ],
			"to": [ 15.25, 7.5, 14 ],
			"faces": {
				"down": { "uv": [ 9, 11.25, 9.3125, 11.6875 ], "texture": "#texture" },
				"up": { "uv": [ 9, 11.25, 9.3125, 10.8125 ], "texture": "#texture" },
				"north": { "uv": [ 8.9375, 8.5625, 8.625, 8.625 ], "texture": "#texture" },
				"south": { "uv": [ 7.9375, 8, 8.25, 8.0625 ], "texture": "#texture" },
				"west": { "uv": [ 11.75, 9.4375, 12.1875, 9.5 ], "texture": "#texture" },
				"east": { "uv": [ 12.1875, 9.25, 11.75, 9.3125 ], "texture": "#texture" }
			}
		},
		{
			"__comment": "Voxels",
			"from": [ 14, 7.5, 2 ],
			"to": [ 15, 7.75, 5 ],
			"faces": {
				"down": { "uv": [ 4.25, 8.3125, 4.5, 9.0625 ], "texture": "#texture" },
				"up": { "uv": [ 4, 9.0625, 4.25, 8.3125 ], "texture": "#texture" },
				"north": { "uv": [ 12, 8.625, 11.75, 8.6875 ], "texture": "#texture" },
				"south": { "uv": [ 11.75, 8.6875, 12, 8.75 ], "texture": "#texture" },
				"west": { "uv": [ 10.8125, 9.625, 11.5625, 9.6875 ], "texture": "#texture" },
				"east": { "uv": [ 11.5625, 9.6875, 10.8125, 9.75 ], "texture": "#texture" }
			}
		},
		{
			"__comment": "Voxels",
			"from": [ 14, 7.5, 11 ],
			"to": [ 16, 7.75, 12 ],
			"faces": {
				"down": { "uv": [ 6.5, 10.9375, 7, 11.1875 ], "texture": "#texture" },
				"up": { "uv": [ 6.5, 10.9375, 7, 10.6875 ], "texture": "#texture" },
				"north": { "uv": [ 12.25, 11.4375, 11.75, 11.5 ], "texture": "#texture" },
				"south": { "uv": [ 11.75, 11.25, 12.25, 11.3125 ], "texture": "#texture" },
				"west": { "uv": [ 12, 9.625, 12.25, 9.6875 ], "texture": "#texture" },
				"east": { "uv": [ 12.25, 8.0625, 12, 8.125 ], "texture": "#texture" }
			}
		},
		{
			"__comment": "Voxels",
			"from": [ 14, 7.5, 12 ],
			"to": [ 15, 7.75, 14 ],
			"faces": {
				"down": { "uv": [ 9.5, 12.5625, 9.75, 13.0625 ], "texture": "#texture" },
				"up": { "uv": [ 9.75, 13.0625, 10, 12.5625 ], "texture": "#texture" },
				"north": { "uv": [ 14.25, 11.5625, 14, 11.625 ], "texture": "#texture" },
				"south": { "uv": [ 13.75, 11.5625, 14, 11.625 ], "texture": "#texture" },
				"west": { "uv": [ 11.75, 10.8125, 12.25, 10.875 ], "texture": "#texture" },
				"east": { "uv": [ 12.25, 10.75, 11.75, 10.8125 ], "texture": "#texture" }
			}
		},
		{
			"__comment": "Voxels",
			"from": [ 14, 7.75, 2 ],
			"to": [ 14.25, 8.5, 5 ],
			"faces": {
				"down": { "uv": [ 10.875, 10.5, 10.9375, 11.25 ], "texture": "#texture" },
				"up": { "uv": [ 10.8125, 11.25, 10.875, 10.5 ], "texture": "#texture" },
				"north": { "uv": [ 12.4375, 8.625, 12.375, 8.8125 ], "texture": "#texture" },
				"south": { "uv": [ 12.375, 8.4375, 12.4375, 8.625 ], "texture": "#texture" },
				"west": { "uv": [ 13.3125, 13.625, 14.0625, 13.8125 ], "texture": "#texture" },
				"east": { "uv": [ 12.375, 13.4375, 11.625, 13.625 ], "texture": "#texture" }
			}
		},
		{
			"__comment": "Voxels",
			"from": [ 14, 7.75, 7 ],
			"to": [ 15.25, 8.5, 8 ],
			"faces": {
				"down": { "uv": [ 8.6875, 11.0625, 9, 11.3125 ], "texture": "#texture" },
				"up": { "uv": [ 8.6875, 11.0625, 9, 10.8125 ], "texture": "#texture" },
				"north": { "uv": [ 8.9375, 8.875, 8.625, 9.0625 ], "texture": "#texture" },
				"south": { "uv": [ 8.6875, 10.125, 9, 10.3125 ], "texture": "#texture" },
				"west": { "uv": [ 10.125, 8.3125, 10.375, 8.5 ], "texture": "#texture" },
				"east": { "uv": [ 10.625, 9.5625, 10.375, 9.75 ], "texture": "#texture" }
			}
		},
		{
			"__comment": "Voxels",
			"from": [ 14, 7.75, 11 ],
			"to": [ 15, 8.5, 11.25 ],
			"faces": {
				"down": { "uv": [ 14, 11.6875, 14.25, 11.75 ], "texture": "#texture" },
				"up": { "uv": [ 12.75, 11.75, 13, 11.6875 ], "texture": "#texture" },
				"north": { "uv": [ 11.1875, 11.0625, 10.9375, 11.25 ], "texture": "#texture" },
				"south": { "uv": [ 10.375, 8.125, 10.625, 8.3125 ], "texture": "#texture" },
				"west": { "uv": [ 12.375, 8.0625, 12.4375, 8.25 ], "texture": "#texture" },
				"east": { "uv": [ 12.5, 11.25, 12.4375, 11.4375 ], "texture": "#texture" }
			}
		},
		{
			"__comment": "Voxels",
			"from": [ 14, 7.75, 11.25 ],
			"to": [ 14.25, 8.5, 13.75 ],
			"faces": {
				"down": { "uv": [ 11.1875, 8.0625, 11.25, 8.6875 ], "texture": "#texture" },
				"up": { "uv": [ 11.3125, 8.6875, 11.375, 8.0625 ], "texture": "#texture" },
				"north": { "uv": [ 12.5, 10.875, 12.4375, 11.0625 ], "texture": "#texture" },
				"south": { "uv": [ 12.4375, 10.6875, 12.5, 10.875 ], "texture": "#texture" },
				"west": { "uv": [ 9.5, 9.25, 10.125, 9.4375 ], "texture": "#texture" },
				"east": { "uv": [ 10.125, 9.4375, 9.5, 9.625 ], "texture": "#texture" }
			}
		},
		{
			"__comment": "Voxels",
			"from": [ 14, 7.75, 13.75 ],
			"to": [ 14.25, 8.25, 14 ],
			"faces": {
				"down": { "uv": [ 12.1875, 9.25, 12.25, 9.3125 ], "texture": "#texture" },
				"up": { "uv": [ 14.1875, 11.5, 14.25, 11.4375 ], "texture": "#texture" },
				"north": { "uv": [ 12.6875, 9.75, 12.625, 9.875 ], "texture": "#texture" },
				"south": { "uv": [ 12.625, 9.5, 12.6875, 9.625 ], "texture": "#texture" },
				"west": { "uv": [ 12.625, 9.375, 12.6875, 9.5 ], "texture": "#texture" },
				"east": { "uv": [ 12.6875, 8.75, 12.625, 8.875 ], "texture": "#texture" }
			}
		},
		{
			"__comment": "Voxels",
			"from": [ 14, 8.5, 5 ],
			"to": [ 15, 8.75, 7 ],
			"faces": {
				"down": { "uv": [ 9.5, 12.0625, 9.75, 12.5625 ], "texture": "#texture" },
				"up": { "uv": [ 9.75, 12.5625, 10, 12.0625 ], "texture": "#texture" },
				"north": { "uv": [ 12, 8, 11.75, 8.0625 ], "texture": "#texture" },
				"south": { "uv": [ 11.75, 8.0625, 12, 8.125 ], "texture": "#texture" },
				"west": { "uv": [ 3.5, 8, 4, 8.0625 ], "texture": "#texture" },
				"east": { "uv": [ 4, 10.5, 3.5, 10.5625 ], "texture": "#texture" }
			}
		},
		{
			"__comment": "Voxels",
			"from": [ 14, 8.5, 8 ],
			"to": [ 15, 8.75, 11 ],
			"faces": {
				"down": { "uv": [ 7.6875, 9.5, 7.9375, 10.25 ], "texture": "#texture" },
				"up": { "uv": [ 7.6875, 11.75, 7.9375, 11 ], "texture": "#texture" },
				"north": { "uv": [ 12.25, 8.375, 12, 8.4375 ], "texture": "#texture" },
				"south": { "uv": [ 11.75, 8.375, 12, 8.4375 ], "texture": "#texture" },
				"west": { "uv": [ 10.8125, 10.125, 11.5625, 10.1875 ], "texture": "#texture" },
				"east": { "uv": [ 11.5625, 10.0625, 10.8125, 10.125 ], "texture": "#texture" }
			}
		},
		{
			"__comment": "Voxels",
			"from": [ 14.25, 7.75, 4.75 ],
			"to": [ 15, 8.5, 5 ],
			"faces": {
				"down": { "uv": [ 15.8125, 11.75, 16, 11.8125 ], "texture": "#texture" },
				"up": { "uv": [ 12.0625, 9.25, 12.25, 9.1875 ], "texture": "#texture" },
				"north": { "uv": [ 10.8125, 8.125, 10.625, 8.3125 ], "texture": "#texture" },
				"south": { "uv": [ 10.625, 8.3125, 10.8125, 8.5 ], "texture": "#texture" },
				"west": { "uv": [ 12.4375, 9.9375, 12.5, 10.125 ], "texture": "#texture" },
				"east": { "uv": [ 12.5, 9.75, 12.4375, 9.9375 ], "texture": "#texture" }
			}
		},
		{
			"__comment": "Voxels",
			"from": [ 14.75, 6.5, 1.25 ],
			"to": [ 15.25, 7.25, 4 ],
			"faces": {
				"down": { "uv": [ 10, 10.875, 10.125, 11.5625 ], "texture": "#texture" },
				"up": { "uv": [ 9.875, 10.875, 10, 10.1875 ], "texture": "#texture" },
				"north": { "uv": [ 16, 14.125, 15.875, 14.3125 ], "texture": "#texture" },
				"south": { "uv": [ 9.375, 11.6875, 9.5, 11.875 ], "texture": "#texture" },
				"west": { "uv": [ 15.1875, 13.4375, 15.875, 13.625 ], "texture": "#texture" },
				"east": { "uv": [ 10.8125, 13.25, 10.125, 13.4375 ], "texture": "#texture" }
			}
		},
		{
			"__comment": "Voxels",
			"from": [ 14.75, 6.5, 12 ],
			"to": [ 16, 7.25, 12.25 ],
			"faces": {
				"down": { "uv": [ 15.625, 12.75, 15.9375, 12.8125 ], "texture": "#texture" },
				"up": { "uv": [ 15.625, 12.75, 15.9375, 12.6875 ], "texture": "#texture" },
				"north": { "uv": [ 8.9375, 8.625, 8.625, 8.8125 ], "texture": "#texture" },
				"south": { "uv": [ 15.5625, 13.625, 15.875, 13.8125 ], "texture": "#texture" },
				"west": { "uv": [ 12.5, 11.0625, 12.5625, 11.25 ], "texture": "#texture" },
				"east": { "uv": [ 12.5625, 10.875, 12.5, 11.0625 ], "texture": "#texture" }
			}
		},
		{
			"__comment": "Voxels",
			"from": [ 14.75, 6.5, 12.25 ],
			"to": [ 15.25, 7.25, 14.75 ],
			"faces": {
				"down": { "uv": [ 10, 10.25, 10.125, 10.875 ], "texture": "#texture" },
				"up": { "uv": [ 10.5, 12.75, 10.625, 12.125 ], "texture": "#texture" },
				"north": { "uv": [ 16, 14.625, 15.875, 14.8125 ], "texture": "#texture" },
				"south": { "uv": [ 15.875, 14.4375, 16, 14.625 ], "texture": "#texture" },
				"west": { "uv": [ 9.5, 9.0625, 10.125, 9.25 ], "texture": "#texture" },
				"east": { "uv": [ 10.125, 8.875, 9.5, 9.0625 ], "texture": "#texture" }
			}
		},
		{
			"__comment": "Voxels",
			"from": [ 14.75, 8.25, 10.75 ],
			"to": [ 15.25, 8.5, 11 ],
			"faces": {
				"down": { "uv": [ 11.4375, 8, 11.5625, 8.0625 ], "texture": "#texture" },
				"up": { "uv": [ 12.0625, 8.9375, 12.1875, 8.875 ], "texture": "#texture" },
				"north": { "uv": [ 12.1875, 8.8125, 12.0625, 8.875 ], "texture": "#texture" },
				"south": { "uv": [ 12.0625, 8.75, 12.1875, 8.8125 ], "texture": "#texture" },
				"west": { "uv": [ 11.5, 9, 11.5625, 9.0625 ], "texture": "#texture" },
				"east": { "uv": [ 11.5625, 8.9375, 11.5, 9 ], "texture": "#texture" }
			}
		},
		{
			"__comment": "Voxels",
			"from": [ 15, 7.25, 5 ],
			"to": [ 16.25, 7.5, 11 ],
			"faces": {
				"down": { "uv": [ 5.4375, 12.3125, 5.75, 13.8125 ], "texture": "#texture" },
				"up": { "uv": [ 5.125, 13.8125, 5.4375, 12.3125 ], "texture": "#texture" },
				"north": { "uv": [ 16, 11.8125, 15.6875, 11.875 ], "texture": "#texture" },
				"south": { "uv": [ 11.75, 9.1875, 12.0625, 9.25 ], "texture": "#texture" },
				"west": { "uv": [ 13.0625, 12.25, 14.5625, 12.3125 ], "texture": "#texture" },
				"east": { "uv": [ 13.0625, 12.25, 11.5625, 12.3125 ], "texture": "#texture" }
			}
		},
		{
			"__comment": "Voxels",
			"from": [ 15, 7.5, 4 ],
			"to": [ 16, 7.75, 11 ],
			"faces": {
				"down": { "uv": [ 7, 8.625, 7.25, 10.375 ], "texture": "#texture" },
				"up": { "uv": [ 7, 12.125, 7.25, 10.375 ], "texture": "#texture" },
				"north": { "uv": [ 13.75, 11.5, 13.5, 11.5625 ], "texture": "#texture" },
				"south": { "uv": [ 13.75, 11.5, 14, 11.5625 ], "texture": "#texture" },
				"west": { "uv": [ 12.5625, 12.5, 14.3125, 12.5625 ], "texture": "#texture" },
				"east": { "uv": [ 12.5625, 12.4375, 10.8125, 12.5 ], "texture": "#texture" }
			}
		},
		{
			"__comment": "Voxels",
			"from": [ 15, 7.75, 5 ],
			"to": [ 15.25, 8.5, 5.25 ],
			"faces": {
				"down": { "uv": [ 13.8125, 11.4375, 13.875, 11.5 ], "texture": "#texture" },
				"up": { "uv": [ 14.0625, 11.5, 14.125, 11.4375 ], "texture": "#texture" },
				"north": { "uv": [ 12.5625, 8.0625, 12.5, 8.25 ], "texture": "#texture" },
				"south": { "uv": [ 12.5625, 11.25, 12.625, 11.4375 ], "texture": "#texture" },
				"west": { "uv": [ 12.5625, 11.0625, 12.625, 11.25 ], "texture": "#texture" },
				"east": { "uv": [ 12.625, 10.875, 12.5625, 11.0625 ], "texture": "#texture" }
			}
		},
		{
			"__comment": "Voxels",
			"from": [ 15, 7.75, 8 ],
			"to": [ 15.25, 8.5, 10.75 ],
			"faces": {
				"down": { "uv": [ 10.8125, 8.1875, 10.875, 8.875 ], "texture": "#texture" },
				"up": { "uv": [ 10.875, 8.6875, 10.9375, 8 ], "texture": "#texture" },
				"north": { "uv": [ 12.625, 10.3125, 12.5625, 10.5 ], "texture": "#texture" },
				"south": { "uv": [ 12.5625, 10.125, 12.625, 10.3125 ], "texture": "#texture" },
				"west": { "uv": [ 13.5625, 13.25, 14.25, 13.4375 ], "texture": "#texture" },
				"east": { "uv": [ 14.5, 13.4375, 13.8125, 13.625 ], "texture": "#texture" }
			}
		},
		{
			"__comment": "Voxels",
			"from": [ 15, 7.75, 10.75 ],
			"to": [ 15.25, 8.25, 11 ],
			"faces": {
				"down": { "uv": [ 13.875, 11.4375, 13.9375, 11.5 ], "texture": "#texture" },
				"up": { "uv": [ 14, 11.5, 14.0625, 11.4375 ], "texture": "#texture" },
				"north": { "uv": [ 10.8125, 12, 10.75, 12.125 ], "texture": "#texture" },
				"south": { "uv": [ 10.75, 11.875, 10.8125, 12 ], "texture": "#texture" },
				"west": { "uv": [ 10.75, 11.75, 10.8125, 11.875 ], "texture": "#texture" },
				"east": { "uv": [ 10.8125, 11.625, 10.75, 11.75 ], "texture": "#texture" }
			}
		},
		{
			"__comment": "Voxels",
			"from": [ 15.25, 6.5, 3.75 ],
			"to": [ 16, 7.5, 4 ],
			"faces": {
				"down": { "uv": [ 12.0625, 9, 12.25, 9.0625 ], "texture": "#texture" },
				"up": { "uv": [ 12.0625, 9, 12.25, 8.9375 ], "texture": "#texture" },
				"north": { "uv": [ 10.8125, 12.25, 10.625, 12.5 ], "texture": "#texture" },
				"south": { "uv": [ 10.625, 12.5, 10.8125, 12.75 ], "texture": "#texture" },
				"west": { "uv": [ 12.25, 9.75, 12.3125, 10 ], "texture": "#texture" },
				"east": { "uv": [ 12.3125, 9.5, 12.25, 9.75 ], "texture": "#texture" }
			}
		},
		{
			"__comment": "Voxels",
			"from": [ 15.25, 7.25, 4 ],
			"to": [ 16.25, 7.5, 5 ],
			"faces": {
				"down": { "uv": [ 6.25, 8.1875, 6.5, 8.4375 ], "texture": "#texture" },
				"up": { "uv": [ 6.75, 14.875, 7, 14.625 ], "texture": "#texture" },
				"north": { "uv": [ 16, 11.5, 15.75, 11.5625 ], "texture": "#texture" },
				"south": { "uv": [ 12.3125, 11.4375, 12.5625, 11.5 ], "texture": "#texture" },
				"west": { "uv": [ 12.5625, 11.4375, 12.8125, 11.5 ], "texture": "#texture" },
				"east": { "uv": [ 13.0625, 11.4375, 12.8125, 11.5 ], "texture": "#texture" }
			}
		},
		{
			"__comment": "Voxels",
			"from": [ 15.75, 6.5, 4 ],
			"to": [ 16.25, 7.25, 12 ],
			"faces": {
				"down": { "uv": [ 7.6875, 11.75, 7.8125, 13.75 ], "texture": "#texture" },
				"up": { "uv": [ 7.5, 11.625, 7.625, 9.625 ], "texture": "#texture" },
				"north": { "uv": [ 16, 13.25, 15.875, 13.4375 ], "texture": "#texture" },
				"south": { "uv": [ 11.4375, 8.0625, 11.5625, 8.25 ], "texture": "#texture" },
				"west": { "uv": [ 9, 15.5625, 11, 15.75 ], "texture": "#texture" },
				"east": { "uv": [ 15.75, 15.8125, 13.75, 16 ], "texture": "#texture" }
			}
		}
	],
	"display": {
		"thirdperson_righthand": {
			"rotation":  [ -90, 0, -90 ],
			"scale":  [ 0.5, 0.5, 0.5 ]
		},
		"thirdperson_lefthand": {
			"rotation":  [ -90, 0, -90 ],
			"scale":  [ 0.5, 0.5, 0.5 ]
		},
		"firstperson_righthand": {
			"rotation":  [ 75, 180, 0 ],
			"scale":  [ 0.5, 0.5, 0.5 ]
		},
		"firstperson_lefthand": {
			"rotation":  [ 75, 180, 0 ],
			"scale":  [ 0.5, 0.5, 0.5 ]
		},
		"gui": {
			"rotation":  [ 90, 180, 0 ],
			"scale":  [ 0.8, 0.8, 0.8 ]
		},
		"head": {
			"scale":  [ 0.0001, 0.0001, 0.0001 ]
		},
		"ground": {
			"rotation":  [ -90, 0, 0 ],
			"translation":  [ 0, 5, 0 ],
			"scale":  [ 0.5, 0.5, 0.5 ]
		},
		"fixed": {
			"rotation":  [ -90, 0, 0 ]
		}
	}
}