{
	"__comment": "Designed by Ozzy with Cubik Studio - https://cubik.studio",
	"textures": {
		"texture": "pixelmon:items/zephyrbadge"
	},
	"elements": [ 	 
		{
			"__comment": "Voxels",
			"from": [ -0.25, 6.5, 0 ],
			"to": [ 3.25, 6.75, 3 ],
			"faces": {
				"down": { "uv": [ 3.25, 13.375, 4.125, 14.125 ], "texture": "#texture" },
				"up": { "uv": [ 2.375, 14.125, 3.25, 13.375 ], "texture": "#texture" },
				"north": { "uv": [ 15.375, 11.125, 14.5, 11.1875 ], "texture": "#texture" },
				"south": { "uv": [ 5.5, 11.0625, 6.375, 11.125 ], "texture": "#texture" },
				"west": { "uv": [ 7.625, 11, 8.375, 11.0625 ], "texture": "#texture" },
				"east": { "uv": [ 15.5, 11.0625, 14.75, 11.125 ], "texture": "#texture" }
			}
		},
		{
			"__comment": "Voxels",
			"from": [ -0.25, 6.5, 3 ],
			"to": [ 2, 6.75, 14 ],
			"faces": {
				"down": { "uv": [ 0, 6.25, 0.5625, 9 ], "texture": "#texture" },
				"up": { "uv": [ 0, 6.25, 0.5625, 3.5 ], "texture": "#texture" },
				"north": { "uv": [ 4.625, 8.125, 4.0625, 8.1875 ], "texture": "#texture" },
				"south": { "uv": [ 4.0625, 8.1875, 4.625, 8.25 ], "texture": "#texture" },
				"west": { "uv": [ 13.0625, 11.875, 15.8125, 11.9375 ], "texture": "#texture" },
				"east": { "uv": [ 7.5625, 11.625, 4.8125, 11.6875 ], "texture": "#texture" }
			}
		},
		{
			"__comment": "Voxels",
			"from": [ -0.25, 6.75, 0 ],
			"to": [ 0, 7.5, 14 ],
			"faces": {
				"down": { "uv": [ 2.625, 1.5, 2.6875, 5 ], "texture": "#texture" },
				"up": { "uv": [ 2.6875, 5, 2.75, 1.5 ], "texture": "#texture" },
				"north": { "uv": [ 4.8125, 6, 4.75, 6.1875 ], "texture": "#texture" },
				"south": { "uv": [ 4.8125, 6.1875, 4.875, 6.375 ], "texture": "#texture" },
				"west": { "uv": [ 5.875, 14.3125, 9.375, 14.5 ], "texture": "#texture" },
				"east": { "uv": [ 5.875, 14.3125, 2.375, 14.5 ], "texture": "#texture" }
			}
		},
		{
			"__comment": "Voxels",
			"from": [ 0, 6.25, 0 ],
			"to": [ 3, 6.5, 14 ],
			"faces": {
				"down": { "uv": [ 0, 12.5, 0.75, 16 ], "texture": "#texture" },
				"up": { "uv": [ 0, 12.5, 0.75, 9 ], "texture": "#texture" },
				"north": { "uv": [ 14, 11.0625, 13.25, 11.125 ], "texture": "#texture" },
				"south": { "uv": [ 12.5, 11.0625, 13.25, 11.125 ], "texture": "#texture" },
				"west": { "uv": [ 11.25, 12.5625, 14.75, 12.625 ], "texture": "#texture" },
				"east": { "uv": [ 14.75, 12.5, 11.25, 12.5625 ], "texture": "#texture" }
			}
		},
		{
			"__comment": "Voxels",
			"from": [ 0, 6.5, -0.25 ],
			"to": [ 3, 7.5, 0 ],
			"faces": {
				"down": { "uv": [ 9.125, 11, 9.875, 11.0625 ], "texture": "#texture" },
				"up": { "uv": [ 9.875, 11.0625, 10.625, 11 ], "texture": "#texture" },
				"north": { "uv": [ 8.8125, 11.9375, 8.0625, 12.1875 ], "texture": "#texture" },
				"south": { "uv": [ 8.8125, 11.9375, 9.5625, 12.1875 ], "texture": "#texture" },
				"west": { "uv": [ 15.8125, 11.9375, 15.875, 12.1875 ], "texture": "#texture" },
				"east": { "uv": [ 4.6875, 6.6875, 4.625, 6.9375 ], "texture": "#texture" }
			}
		},
		{
			"__comment": "Voxels",
			"from": [ 0, 6.5, 14 ],
			"to": [ 16, 6.75, 14.25 ],
			"faces": {
				"down": { "uv": [ 11.25, 12.6875, 15.25, 12.75 ], "texture": "#texture" },
				"up": { "uv": [ 11.25, 12.6875, 15.25, 12.625 ], "texture": "#texture" },
				"north": { "uv": [ 11.25, 12.625, 7.25, 12.6875 ], "texture": "#texture" },
				"south": { "uv": [ 7.25, 12.6875, 11.25, 12.75 ], "texture": "#texture" },
				"west": { "uv": [ 3.4375, 8.3125, 3.5, 8.375 ], "texture": "#texture" },
				"east": { "uv": [ 3.4375, 8.3125, 3.375, 8.375 ], "texture": "#texture" }
			}
		},
		{
			"__comment": "Voxels",
			"from": [ 0, 6.75, 14 ],
			"to": [ 2, 7.5, 14.25 ],
			"faces": {
				"down": { "uv": [ 4.0625, 3.9375, 4.5625, 4 ], "texture": "#texture" },
				"up": { "uv": [ 4.0625, 3.9375, 4.5625, 3.875 ], "texture": "#texture" },
				"north": { "uv": [ 4.0625, 4.5, 3.5625, 4.6875 ], "texture": "#texture" },
				"south": { "uv": [ 3.5625, 4.3125, 4.0625, 4.5 ], "texture": "#texture" },
				"west": { "uv": [ 4.625, 1.3125, 4.6875, 1.5 ], "texture": "#texture" },
				"east": { "uv": [ 4.6875, 1.5, 4.625, 1.6875 ], "texture": "#texture" }
			}
		},
		{
			"__comment": "Voxels",
			"from": [ 0, 7.5, 0 ],
			"to": [ 3, 7.75, 1 ],
			"faces": {
				"down": { "uv": [ 14.8125, 11.9375, 15.5625, 12.1875 ], "texture": "#texture" },
				"up": { "uv": [ 4.0625, 11.875, 4.8125, 11.625 ], "texture": "#texture" },
				"north": { "uv": [ 5.375, 11, 4.625, 11.0625 ], "texture": "#texture" },
				"south": { "uv": [ 6.125, 11, 6.875, 11.0625 ], "texture": "#texture" },
				"west": { "uv": [ 11.5625, 10.9375, 11.8125, 11 ], "texture": "#texture" },
				"east": { "uv": [ 11.5625, 10.9375, 11.3125, 11 ], "texture": "#texture" }
			}
		},
		{
			"__comment": "Voxels",
			"from": [ 0, 7.5, 1 ],
			"to": [ 1, 7.75, 14 ],
			"faces": {
				"down": { "uv": [ 1, 3.25, 1.25, 6.5 ], "texture": "#texture" },
				"up": { "uv": [ 0.75, 6.5, 1, 3.25 ], "texture": "#texture" },
				"north": { "uv": [ 10.8125, 10.9375, 10.5625, 11 ], "texture": "#texture" },
				"south": { "uv": [ 8.8125, 10.9375, 9.0625, 11 ], "texture": "#texture" },
				"west": { "uv": [ 11.25, 12.4375, 14.5, 12.5 ], "texture": "#texture" },
				"east": { "uv": [ 14.5, 12.375, 11.25, 12.4375 ], "texture": "#texture" }
			}
		},
		{
			"__comment": "Voxels",
			"from": [ 0.75, 7.75, 1 ],
			"to": [ 1, 9.5, 13 ],
			"faces": {
				"down": { "uv": [ 1.75, 6.5, 1.8125, 9.5 ], "texture": "#texture" },
				"up": { "uv": [ 2.875, 5, 2.9375, 2 ], "texture": "#texture" },
				"north": { "uv": [ 4.25, 1.0625, 4.1875, 1.5 ], "texture": "#texture" },
				"south": { "uv": [ 4.3125, 1.0625, 4.375, 1.5 ], "texture": "#texture" },
				"west": { "uv": [ 8.75, 14.6875, 11.75, 15.125 ], "texture": "#texture" },
				"east": { "uv": [ 14.75, 15.5625, 11.75, 16 ], "texture": "#texture" }
			}
		},
		{
			"__comment": "Voxels",
			"from": [ 1, 7.5, 13 ],
			"to": [ 2, 9.5, 13.25 ],
			"faces": {
				"down": { "uv": [ 7.5625, 11.625, 7.8125, 11.6875 ], "texture": "#texture" },
				"up": { "uv": [ 4.6875, 6.625, 4.9375, 6.5625 ], "texture": "#texture" },
				"north": { "uv": [ 3.125, 1.5, 2.875, 2 ], "texture": "#texture" },
				"south": { "uv": [ 15.6875, 12.25, 15.9375, 12.75 ], "texture": "#texture" },
				"west": { "uv": [ 4.0625, 3.375, 4.125, 3.875 ], "texture": "#texture" },
				"east": { "uv": [ 4.1875, 3.375, 4.125, 3.875 ], "texture": "#texture" }
			}
		},
		{
			"__comment": "Voxels",
			"from": [ 1, 7.5, 13.25 ],
			"to": [ 2, 7.75, 14 ],
			"faces": {
				"down": { "uv": [ 4.3125, 9.8125, 4.5625, 10 ], "texture": "#texture" },
				"up": { "uv": [ 4.0625, 9.8125, 4.3125, 9.625 ], "texture": "#texture" },
				"north": { "uv": [ 4.9375, 6.625, 4.6875, 6.6875 ], "texture": "#texture" },
				"south": { "uv": [ 4.6875, 6.6875, 4.9375, 6.75 ], "texture": "#texture" },
				"west": { "uv": [ 3.375, 9.8125, 3.5625, 9.875 ], "texture": "#texture" },
				"east": { "uv": [ 3.5625, 10.3125, 3.375, 10.375 ], "texture": "#texture" }
			}
		},
		{
			"__comment": "Voxels",
			"from": [ 1, 7.75, 0.75 ],
			"to": [ 2, 9.5, 1 ],
			"faces": {
				"down": { "uv": [ 4.6875, 6.75, 4.9375, 6.8125 ], "texture": "#texture" },
				"up": { "uv": [ 4.6875, 7, 4.9375, 6.9375 ], "texture": "#texture" },
				"north": { "uv": [ 3.375, 6.9375, 3.125, 7.375 ], "texture": "#texture" },
				"south": { "uv": [ 3.125, 7.375, 3.375, 7.8125 ], "texture": "#texture" },
				"west": { "uv": [ 4.5625, 1.0625, 4.625, 1.5 ], "texture": "#texture" },
				"east": { "uv": [ 4.125, 0.625, 4.0625, 1.0625 ], "texture": "#texture" }
			}
		},
		{
			"__comment": "Voxels",
			"from": [ 1, 9.5, 1 ],
			"to": [ 2, 9.75, 13 ],
			"faces": {
				"down": { "uv": [ 0.5, 0.5, 0.75, 3.5 ], "texture": "#texture" },
				"up": { "uv": [ 0.75, 3.25, 1, 0.25 ], "texture": "#texture" },
				"north": { "uv": [ 13.0625, 10.9375, 12.8125, 11 ], "texture": "#texture" },
				"south": { "uv": [ 4.6875, 7, 4.9375, 7.0625 ], "texture": "#texture" },
				"west": { "uv": [ 3.5625, 12.1875, 6.5625, 12.25 ], "texture": "#texture" },
				"east": { "uv": [ 9.5625, 12.1875, 6.5625, 12.25 ], "texture": "#texture" }
			}
		},
		{
			"__comment": "Voxels",
			"from": [ 1.75, 6.5, 14.25 ],
			"to": [ 14.25, 6.75, 15 ],
			"faces": {
				"down": { "uv": [ 12.875, 14.3125, 16, 14.5 ], "texture": "#texture" },
				"up": { "uv": [ 5.875, 14.3125, 9, 14.125 ], "texture": "#texture" },
				"north": { "uv": [ 14.375, 12.3125, 11.25, 12.375 ], "texture": "#texture" },
				"south": { "uv": [ 11.25, 12.25, 14.375, 12.3125 ], "texture": "#texture" },
				"west": { "uv": [ 3.375, 10.8125, 3.5625, 10.875 ], "texture": "#texture" },
				"east": { "uv": [ 3.5625, 9.3125, 3.375, 9.375 ], "texture": "#texture" }
			}
		},
		{
			"__comment": "Voxels",
			"from": [ 1.75, 6.75, 14.25 ],
			"to": [ 2, 7.5, 15 ],
			"faces": {
				"down": { "uv": [ 4.875, 4.3125, 4.9375, 4.5 ], "texture": "#texture" },
				"up": { "uv": [ 4.6875, 4.875, 4.75, 4.6875 ], "texture": "#texture" },
				"north": { "uv": [ 4.9375, 4.875, 4.875, 5.0625 ], "texture": "#texture" },
				"south": { "uv": [ 4.6875, 4.875, 4.75, 5.0625 ], "texture": "#texture" },
				"west": { "uv": [ 3.375, 7.625, 3.5625, 7.8125 ], "texture": "#texture" },
				"east": { "uv": [ 3.5625, 7.4375, 3.375, 7.625 ], "texture": "#texture" }
			}
		},
		{
			"__comment": "Voxels",
			"from": [ 1.75, 7.75, 13.25 ],
			"to": [ 2, 9.5, 14 ],
			"faces": {
				"down": { "uv": [ 4.8125, 5.0625, 4.875, 5.25 ], "texture": "#texture" },
				"up": { "uv": [ 4.875, 6, 4.9375, 5.8125 ], "texture": "#texture" },
				"north": { "uv": [ 3.125, 0.625, 3.0625, 1.0625 ], "texture": "#texture" },
				"south": { "uv": [ 3.5, 6.5, 3.5625, 6.9375 ], "texture": "#texture" },
				"west": { "uv": [ 3.375, 11.375, 3.5625, 11.8125 ], "texture": "#texture" },
				"east": { "uv": [ 3.5625, 7.875, 3.375, 8.3125 ], "texture": "#texture" }
			}
		},
		{
			"__comment": "Voxels",
			"from": [ 2, 6.25, 14 ],
			"to": [ 14, 6.5, 15 ],
			"faces": {
				"down": { "uv": [ 11.75, 15.0625, 14.75, 15.3125 ], "texture": "#texture" },
				"up": { "uv": [ 11.75, 15.5625, 14.75, 15.3125 ], "texture": "#texture" },
				"north": { "uv": [ 7.3125, 12.125, 4.3125, 12.1875 ], "texture": "#texture" },
				"south": { "uv": [ 4.3125, 12.0625, 7.3125, 12.125 ], "texture": "#texture" },
				"west": { "uv": [ 4.6875, 7.5625, 4.9375, 7.625 ], "texture": "#texture" },
				"east": { "uv": [ 4.9375, 7.75, 4.6875, 7.8125 ], "texture": "#texture" }
			}
		},
		{
			"__comment": "Voxels",
			"from": [ 2, 6.5, 13 ],
			"to": [ 4, 6.75, 14 ],
			"faces": {
				"down": { "uv": [ 3.5625, 5.8125, 4.0625, 6.0625 ], "texture": "#texture" },
				"up": { "uv": [ 3.5625, 6.3125, 4.0625, 6.0625 ], "texture": "#texture" },
				"north": { "uv": [ 4.5625, 3.3125, 4.0625, 3.375 ], "texture": "#texture" },
				"south": { "uv": [ 4.0625, 3.125, 4.5625, 3.1875 ], "texture": "#texture" },
				"west": { "uv": [ 4.6875, 7.8125, 4.9375, 7.875 ], "texture": "#texture" },
				"east": { "uv": [ 4.9375, 7.875, 4.6875, 7.9375 ], "texture": "#texture" }
			}
		},
		{
			"__comment": "Voxels",
			"from": [ 2, 6.5, 15 ],
			"to": [ 14, 6.75, 15.25 ],
			"faces": {
				"down": { "uv": [ 4.3125, 12, 7.3125, 12.0625 ], "texture": "#texture" },
				"up": { "uv": [ 9.5625, 12.25, 12.5625, 12.1875 ], "texture": "#texture" },
				"north": { "uv": [ 7.3125, 11.9375, 4.3125, 12 ], "texture": "#texture" },
				"south": { "uv": [ 12.5625, 12.1875, 15.5625, 12.25 ], "texture": "#texture" },
				"west": { "uv": [ 3.375, 6.9375, 3.4375, 7 ], "texture": "#texture" },
				"east": { "uv": [ 3.5625, 7.375, 3.5, 7.4375 ], "texture": "#texture" }
			}
		},
		{
			"__comment": "Voxels",
			"from": [ 2, 6.75, 15 ],
			"to": [ 4, 7.5, 15.25 ],
			"faces": {
				"down": { "uv": [ 4.0625, 3.0625, 4.5625, 3.125 ], "texture": "#texture" },
				"up": { "uv": [ 4.0625, 3.0625, 4.5625, 3 ], "texture": "#texture" },
				"north": { "uv": [ 4.0625, 0.5625, 3.5625, 0.75 ], "texture": "#texture" },
				"south": { "uv": [ 3.5625, 3.5625, 4.0625, 3.75 ], "texture": "#texture" },
				"west": { "uv": [ 4.6875, 6.1875, 4.75, 6.375 ], "texture": "#texture" },
				"east": { "uv": [ 4.6875, 1.6875, 4.625, 1.875 ], "texture": "#texture" }
			}
		},
		{
			"__comment": "Voxels",
			"from": [ 2, 7.5, 1 ],
			"to": [ 3, 7.75, 3 ],
			"faces": {
				"down": { "uv": [ 3.125, 11.3125, 3.375, 11.8125 ], "texture": "#texture" },
				"up": { "uv": [ 3.125, 10.3125, 3.375, 9.8125 ], "texture": "#texture" },
				"north": { "uv": [ 4.9375, 8.0625, 4.6875, 8.125 ], "texture": "#texture" },
				"south": { "uv": [ 4.6875, 8.125, 4.9375, 8.1875 ], "texture": "#texture" },
				"west": { "uv": [ 4.0625, 2.9375, 4.5625, 3 ], "texture": "#texture" },
				"east": { "uv": [ 4.5625, 2.875, 4.0625, 2.9375 ], "texture": "#texture" }
			}
		},
		{
			"__comment": "Voxels",
			"from": [ 2, 7.5, 14 ],
			"to": [ 4, 9.5, 14.25 ],
			"faces": {
				"down": { "uv": [ 4.0625, 2.8125, 4.5625, 2.875 ], "texture": "#texture" },
				"up": { "uv": [ 4.0625, 2.6875, 4.5625, 2.625 ], "texture": "#texture" },
				"north": { "uv": [ 3.125, 6, 2.625, 6.5 ], "texture": "#texture" },
				"south": { "uv": [ 2.625, 6.5, 3.125, 7 ], "texture": "#texture" },
				"west": { "uv": [ 4.1875, 3.375, 4.25, 3.875 ], "texture": "#texture" },
				"east": { "uv": [ 4.3125, 3.375, 4.25, 3.875 ], "texture": "#texture" }
			}
		},
		{
			"__comment": "Voxels",
			"from": [ 2, 7.5, 14.25 ],
			"to": [ 4, 7.75, 15 ],
			"faces": {
				"down": { "uv": [ 3.5625, 3.375, 4.0625, 3.5625 ], "texture": "#texture" },
				"up": { "uv": [ 3.5625, 3.375, 4.0625, 3.1875 ], "texture": "#texture" },
				"north": { "uv": [ 4.5625, 2.5625, 4.0625, 2.625 ], "texture": "#texture" },
				"south": { "uv": [ 4.0625, 2.5, 4.5625, 2.5625 ], "texture": "#texture" },
				"west": { "uv": [ 11.375, 12.75, 11.5625, 12.8125 ], "texture": "#texture" },
				"east": { "uv": [ 12.5, 12.8125, 12.3125, 12.875 ], "texture": "#texture" }
			}
		},
		{
			"__comment": "Voxels",
			"from": [ 2, 7.75, 1 ],
			"to": [ 2.25, 9.5, 3 ],
			"faces": {
				"down": { "uv": [ 4.3125, 3.375, 4.375, 3.875 ], "texture": "#texture" },
				"up": { "uv": [ 4.375, 3.875, 4.4375, 3.375 ], "texture": "#texture" },
				"north": { "uv": [ 4.5625, 1.0625, 4.5, 1.5 ], "texture": "#texture" },
				"south": { "uv": [ 4.25, 1.0625, 4.3125, 1.5 ], "texture": "#texture" },
				"west": { "uv": [ 15.4375, 12.75, 15.9375, 13.1875 ], "texture": "#texture" },
				"east": { "uv": [ 3.125, 1.0625, 2.625, 1.5 ], "texture": "#texture" }
			}
		},
		{
			"__comment": "Voxels",
			"from": [ 2, 8.25, 3 ],
			"to": [ 3, 8.75, 13 ],
			"faces": {
				"down": { "uv": [ 2.0625, 10.8125, 2.3125, 13.3125 ], "texture": "#texture" },
				"up": { "uv": [ 1.8125, 13.3125, 2.0625, 10.8125 ], "texture": "#texture" },
				"north": { "uv": [ 4.4375, 4.25, 4.1875, 4.375 ], "texture": "#texture" },
				"south": { "uv": [ 4.1875, 4.125, 4.4375, 4.25 ], "texture": "#texture" },
				"west": { "uv": [ 8.125, 12.9375, 10.625, 13.0625 ], "texture": "#texture" },
				"east": { "uv": [ 10.625, 13.0625, 8.125, 13.1875 ], "texture": "#texture" }
			}
		},
		{
			"__comment": "Voxels",
			"from": [ 2, 8.75, 3 ],
			"to": [ 2.25, 9.5, 13 ],
			"faces": {
				"down": { "uv": [ 0.625, 6.5, 0.6875, 9 ], "texture": "#texture" },
				"up": { "uv": [ 0.5625, 9, 0.625, 6.5 ], "texture": "#texture" },
				"north": { "uv": [ 4.9375, 3.9375, 4.875, 4.125 ], "texture": "#texture" },
				"south": { "uv": [ 4.625, 0.5625, 4.6875, 0.75 ], "texture": "#texture" },
				"west": { "uv": [ 8.75, 14.5, 11.25, 14.6875 ], "texture": "#texture" },
				"east": { "uv": [ 11.5, 14.125, 9, 14.3125 ], "texture": "#texture" }
			}
		},
		{
			"__comment": "Voxels",
			"from": [ 2, 9.5, 13 ],
			"to": [ 4, 9.75, 14 ],
			"faces": {
				"down": { "uv": [ 3.5625, 10.5625, 4.0625, 10.8125 ], "texture": "#texture" },
				"up": { "uv": [ 3.5625, 10.5625, 4.0625, 10.3125 ], "texture": "#texture" },
				"north": { "uv": [ 4.5625, 2.4375, 4.0625, 2.5 ], "texture": "#texture" },
				"south": { "uv": [ 4.0625, 2.375, 4.5625, 2.4375 ], "texture": "#texture" },
				"west": { "uv": [ 4.6875, 8.3125, 4.9375, 8.375 ], "texture": "#texture" },
				"east": { "uv": [ 4.9375, 8.5, 4.6875, 8.5625 ], "texture": "#texture" }
			}
		},
		{
			"__comment": "Voxels",
			"from": [ 2.25, 7.75, 2.75 ],
			"to": [ 4, 8.5, 3 ],
			"faces": {
				"down": { "uv": [ 4.125, 1.5, 4.5625, 1.5625 ], "texture": "#texture" },
				"up": { "uv": [ 15.375, 11.1875, 15.8125, 11.125 ], "texture": "#texture" },
				"north": { "uv": [ 3.5625, 1.5625, 3.125, 1.75 ], "texture": "#texture" },
				"south": { "uv": [ 3.125, 2.5, 3.5625, 2.6875 ], "texture": "#texture" },
				"west": { "uv": [ 4.8125, 6, 4.875, 6.1875 ], "texture": "#texture" },
				"east": { "uv": [ 4.9375, 6, 4.875, 6.1875 ], "texture": "#texture" }
			}
		},
		{
			"__comment": "Voxels",
			"from": [ 2.25, 8.75, 12.75 ],
			"to": [ 4, 9.5, 13 ],
			"faces": {
				"down": { "uv": [ 4.0625, 0.5, 4.5, 0.5625 ], "texture": "#texture" },
				"up": { "uv": [ 4.0625, 0.625, 4.5, 0.5625 ], "texture": "#texture" },
				"north": { "uv": [ 3.5625, 1, 3.125, 1.1875 ], "texture": "#texture" },
				"south": { "uv": [ 3.125, 0.4375, 3.5625, 0.625 ], "texture": "#texture" },
				"west": { "uv": [ 4.6875, 4.3125, 4.75, 4.5 ], "texture": "#texture" },
				"east": { "uv": [ 4.8125, 3.5625, 4.75, 3.75 ], "texture": "#texture" }
			}
		},
		{
			"__comment": "Voxels",
			"from": [ 2.75, 8.75, 3 ],
			"to": [ 3, 9.5, 12 ],
			"faces": {
				"down": { "uv": [ 0.625, 4, 0.6875, 6.25 ], "texture": "#texture" },
				"up": { "uv": [ 2.3125, 10.8125, 2.375, 8.5625 ], "texture": "#texture" },
				"north": { "uv": [ 0.75, 3.8125, 0.6875, 4 ], "texture": "#texture" },
				"south": { "uv": [ 15.9375, 14.125, 16, 14.3125 ], "texture": "#texture" },
				"west": { "uv": [ 13.5, 13.375, 15.75, 13.5625 ], "texture": "#texture" },
				"east": { "uv": [ 4.875, 13.1875, 2.625, 13.375 ], "texture": "#texture" }
			}
		},
		{
			"__comment": "Voxels",
			"from": [ 3, 6.25, 2 ],
			"to": [ 5, 6.5, 14 ],
			"faces": {
				"down": { "uv": [ 0.75, 11.5, 1.25, 14.5 ], "texture": "#texture" },
				"up": { "uv": [ 0, 3.5, 0.5, 0.5 ], "texture": "#texture" },
				"north": { "uv": [ 4.5625, 2.3125, 4.0625, 2.375 ], "texture": "#texture" },
				"south": { "uv": [ 4.0625, 2.25, 4.5625, 2.3125 ], "texture": "#texture" },
				"west": { "uv": [ 4.0625, 11.875, 7.0625, 11.9375 ], "texture": "#texture" },
				"east": { "uv": [ 10.0625, 11.875, 7.0625, 11.9375 ], "texture": "#texture" }
			}
		},
		{
			"__comment": "Voxels",
			"from": [ 3, 6.5, 3 ],
			"to": [ 5.25, 6.75, 5 ],
			"faces": {
				"down": { "uv": [ 4.4375, 12.25, 5, 12.75 ], "texture": "#texture" },
				"up": { "uv": [ 3.875, 12.75, 4.4375, 12.25 ], "texture": "#texture" },
				"north": { "uv": [ 4.625, 7.75, 4.0625, 7.8125 ], "texture": "#texture" },
				"south": { "uv": [ 4.0625, 8.0625, 4.625, 8.125 ], "texture": "#texture" },
				"west": { "uv": [ 4.0625, 2.1875, 4.5625, 2.25 ], "texture": "#texture" },
				"east": { "uv": [ 4.5625, 2.125, 4.0625, 2.1875 ], "texture": "#texture" }
			}
		},
		{
			"__comment": "Voxels",
			"from": [ 3, 6.5, 5 ],
			"to": [ 4, 6.75, 12 ],
			"faces": {
				"down": { "uv": [ 2.375, 9.625, 2.625, 11.375 ], "texture": "#texture" },
				"up": { "uv": [ 2.375, 2.625, 2.625, 0.875 ], "texture": "#texture" },
				"north": { "uv": [ 4.9375, 8.8125, 4.6875, 8.875 ], "texture": "#texture" },
				"south": { "uv": [ 4.6875, 8.875, 4.9375, 8.9375 ], "texture": "#texture" },
				"west": { "uv": [ 14.1875, 11.5, 15.9375, 11.5625 ], "texture": "#texture" },
				"east": { "uv": [ 8.125, 12.75, 6.375, 12.8125 ], "texture": "#texture" }
			}
		},
		{
			"__comment": "Voxels",
			"from": [ 3, 6.75, 0 ],
			"to": [ 3.25, 7.5, 2 ],
			"faces": {
				"down": { "uv": [ 4.4375, 3.375, 4.5, 3.875 ], "texture": "#texture" },
				"up": { "uv": [ 4.5, 3.875, 4.5625, 3.375 ], "texture": "#texture" },
				"north": { "uv": [ 14, 12.8125, 13.9375, 13 ], "texture": "#texture" },
				"south": { "uv": [ 4.5625, 10.1875, 4.625, 10.375 ], "texture": "#texture" },
				"west": { "uv": [ 3.5625, 0.9375, 4.0625, 1.125 ], "texture": "#texture" },
				"east": { "uv": [ 4.0625, 0.75, 3.5625, 0.9375 ], "texture": "#texture" }
			}
		},
		{
			"__comment": "Voxels",
			"from": [ 3, 7.5, 2 ],
			"to": [ 5, 7.75, 3 ],
			"faces": {
				"down": { "uv": [ 3.5625, 11.3125, 4.0625, 11.5625 ], "texture": "#texture" },
				"up": { "uv": [ 3.5625, 11.0625, 4.0625, 10.8125 ], "texture": "#texture" },
				"north": { "uv": [ 4.5625, 2.0625, 4.0625, 2.125 ], "texture": "#texture" },
				"south": { "uv": [ 4.0625, 2, 4.5625, 2.0625 ], "texture": "#texture" },
				"west": { "uv": [ 4.6875, 9.0625, 4.9375, 9.125 ], "texture": "#texture" },
				"east": { "uv": [ 4.9375, 9.125, 4.6875, 9.1875 ], "texture": "#texture" }
			}
		},
		{
			"__comment": "Voxels",
			"from": [ 3, 8.25, 12 ],
			"to": [ 5, 8.75, 13 ],
			"faces": {
				"down": { "uv": [ 3.5625, 8.3125, 4.0625, 8.5625 ], "texture": "#texture" },
				"up": { "uv": [ 3.5625, 8.3125, 4.0625, 8.0625 ], "texture": "#texture" },
				"north": { "uv": [ 4.5625, 10.375, 4.0625, 10.5 ], "texture": "#texture" },
				"south": { "uv": [ 4.0625, 10.5, 4.5625, 10.625 ], "texture": "#texture" },
				"west": { "uv": [ 15.75, 13.375, 16, 13.5 ], "texture": "#texture" },
				"east": { "uv": [ 2.625, 0, 2.375, 0.125 ], "texture": "#texture" }
			}
		},
		{
			"__comment": "Voxels",
			"from": [ 3, 8.5, 2.75 ],
			"to": [ 4, 9.5, 3 ],
			"faces": {
				"down": { "uv": [ 4.6875, 9.375, 4.9375, 9.4375 ], "texture": "#texture" },
				"up": { "uv": [ 4.6875, 9.5, 4.9375, 9.4375 ], "texture": "#texture" },
				"north": { "uv": [ 16, 11.625, 15.75, 11.875 ], "texture": "#texture" },
				"south": { "uv": [ 15.75, 13.5, 16, 13.75 ], "texture": "#texture" },
				"west": { "uv": [ 4.625, 7.9375, 4.6875, 8.1875 ], "texture": "#texture" },
				"east": { "uv": [ 4.6875, 8.1875, 4.625, 8.4375 ], "texture": "#texture" }
			}
		},
		{
			"__comment": "Voxels",
			"from": [ 3, 8.75, 12 ],
			"to": [ 4, 9.5, 12.25 ],
			"faces": {
				"down": { "uv": [ 4.6875, 9.75, 4.9375, 9.8125 ], "texture": "#texture" },
				"up": { "uv": [ 4.6875, 9.875, 4.9375, 9.8125 ], "texture": "#texture" },
				"north": { "uv": [ 4.3125, 9.25, 4.0625, 9.4375 ], "texture": "#texture" },
				"south": { "uv": [ 4.3125, 9.4375, 4.5625, 9.625 ], "texture": "#texture" },
				"west": { "uv": [ 4.625, 3.1875, 4.6875, 3.375 ], "texture": "#texture" },
				"east": { "uv": [ 4.6875, 3.375, 4.625, 3.5625 ], "texture": "#texture" }
			}
		},
		{
			"__comment": "Voxels",
			"from": [ 3, 9.25, 3 ],
			"to": [ 4.25, 9.5, 12 ],
			"faces": {
				"down": { "uv": [ 1.25, 1.25, 1.5625, 3.5 ], "texture": "#texture" },
				"up": { "uv": [ 1.5, 6.5, 1.8125, 4.25 ], "texture": "#texture" },
				"north": { "uv": [ 7.3125, 10.9375, 7, 11 ], "texture": "#texture" },
				"south": { "uv": [ 6.6875, 10.9375, 7, 11 ], "texture": "#texture" },
				"west": { "uv": [ 12.75, 11.8125, 15, 11.875 ], "texture": "#texture" },
				"east": { "uv": [ 6.3125, 11.5625, 4.0625, 11.625 ], "texture": "#texture" }
			}
		},
		{
			"__comment": "Voxels",
			"from": [ 3, 9.5, 3 ],
			"to": [ 4, 9.75, 12 ],
			"faces": {
				"down": { "uv": [ 1.5625, 1.25, 1.8125, 3.5 ], "texture": "#texture" },
				"up": { "uv": [ 1.8125, 10.8125, 2.0625, 8.5625 ], "texture": "#texture" },
				"north": { "uv": [ 4.9375, 10.125, 4.6875, 10.1875 ], "texture": "#texture" },
				"south": { "uv": [ 4.6875, 10.1875, 4.9375, 10.25 ], "texture": "#texture" },
				"west": { "uv": [ 12.75, 11.6875, 15, 11.75 ], "texture": "#texture" },
				"east": { "uv": [ 13.0625, 11.5625, 10.8125, 11.625 ], "texture": "#texture" }
			}
		},
		{
			"__comment": "Voxels",
			"from": [ 3.25, 6.5, 1.75 ],
			"to": [ 5, 7.5, 2 ],
			"faces": {
				"down": { "uv": [ 4.125, 1.6875, 4.5625, 1.75 ], "texture": "#texture" },
				"up": { "uv": [ 4.125, 1.8125, 4.5625, 1.75 ], "texture": "#texture" },
				"north": { "uv": [ 3.5625, 4.9375, 3.125, 5.1875 ], "texture": "#texture" },
				"south": { "uv": [ 6.8125, 12.25, 7.25, 12.5 ], "texture": "#texture" },
				"west": { "uv": [ 4.625, 9.6875, 4.6875, 9.9375 ], "texture": "#texture" },
				"east": { "uv": [ 4.6875, 9.9375, 4.625, 10.1875 ], "texture": "#texture" }
			}
		},
		{
			"__comment": "Voxels",
			"from": [ 3.25, 6.5, 2 ],
			"to": [ 5.25, 6.75, 3 ],
			"faces": {
				"down": { "uv": [ 3.5625, 8.5625, 4.0625, 8.8125 ], "texture": "#texture" },
				"up": { "uv": [ 3.5625, 9.0625, 4.0625, 8.8125 ], "texture": "#texture" },
				"north": { "uv": [ 4.0625, 0, 3.5625, 0.0625 ], "texture": "#texture" },
				"south": { "uv": [ 4.0625, 7.625, 4.5625, 7.6875 ], "texture": "#texture" },
				"west": { "uv": [ 4.6875, 10.8125, 4.9375, 10.875 ], "texture": "#texture" },
				"east": { "uv": [ 4.9375, 10.875, 4.6875, 10.9375 ], "texture": "#texture" }
			}
		},
		{
			"__comment": "Voxels",
			"from": [ 3.75, 6.5, 15.25 ],
			"to": [ 12.25, 6.75, 16 ],
			"faces": {
				"down": { "uv": [ 4.875, 13.1875, 7, 13.375 ], "texture": "#texture" },
				"up": { "uv": [ 7, 13.375, 9.125, 13.1875 ], "texture": "#texture" },
				"north": { "uv": [ 6.1875, 11.5, 4.0625, 11.5625 ], "texture": "#texture" },
				"south": { "uv": [ 13.0625, 11.5625, 15.1875, 11.625 ], "texture": "#texture" },
				"west": { "uv": [ 11.375, 12.8125, 11.5625, 12.875 ], "texture": "#texture" },
				"east": { "uv": [ 9.5, 13.375, 9.3125, 13.4375 ], "texture": "#texture" }
			}
		},
		{
			"__comment": "Voxels",
			"from": [ 3.75, 6.75, 15.25 ],
			"to": [ 4, 7.5, 16 ],
			"faces": {
				"down": { "uv": [ 4.625, 5.4375, 4.6875, 5.625 ], "texture": "#texture" },
				"up": { "uv": [ 4.625, 5.8125, 4.6875, 5.625 ], "texture": "#texture" },
				"north": { "uv": [ 4.6875, 5.8125, 4.625, 6 ], "texture": "#texture" },
				"south": { "uv": [ 4.625, 6, 4.6875, 6.1875 ], "texture": "#texture" },
				"west": { "uv": [ 3.375, 7.1875, 3.5625, 7.375 ], "texture": "#texture" },
				"east": { "uv": [ 3.5625, 7, 3.375, 7.1875 ], "texture": "#texture" }
			}
		},
		{
			"__comment": "Voxels",
			"from": [ 3.75, 7.75, 14.25 ],
			"to": [ 4, 9.5, 15 ],
			"faces": {
				"down": { "uv": [ 4.5625, 9.0625, 4.625, 9.25 ], "texture": "#texture" },
				"up": { "uv": [ 4.5625, 9.4375, 4.625, 9.25 ], "texture": "#texture" },
				"north": { "uv": [ 4.4375, 0.0625, 4.375, 0.5 ], "texture": "#texture" },
				"south": { "uv": [ 4.3125, 0.0625, 4.375, 0.5 ], "texture": "#texture" },
				"west": { "uv": [ 3.375, 10.875, 3.5625, 11.3125 ], "texture": "#texture" },
				"east": { "uv": [ 3.5625, 8.375, 3.375, 8.8125 ], "texture": "#texture" }
			}
		},
		{
			"__comment": "Voxels",
			"from": [ 4, 6.25, 15 ],
			"to": [ 12, 6.5, 16 ],
			"faces": {
				"down": { "uv": [ 9.5, 13.375, 11.5, 13.625 ], "texture": "#texture" },
				"up": { "uv": [ 9.5, 14.125, 11.5, 13.875 ], "texture": "#texture" },
				"north": { "uv": [ 10.1875, 11.3125, 8.1875, 11.375 ], "texture": "#texture" },
				"south": { "uv": [ 12.1875, 11.5, 14.1875, 11.5625 ], "texture": "#texture" },
				"west": { "uv": [ 13.0625, 10.9375, 13.3125, 11 ], "texture": "#texture" },
				"east": { "uv": [ 2.0625, 0, 1.8125, 0.0625 ], "texture": "#texture" }
			}
		},
		{
			"__comment": "Voxels",
			"from": [ 4, 6.5, 16 ],
			"to": [ 12, 7.5, 16.25 ],
			"faces": {
				"down": { "uv": [ 10.1875, 11.5, 12.1875, 11.5625 ], "texture": "#texture" },
				"up": { "uv": [ 8.1875, 11.5625, 10.1875, 11.5 ], "texture": "#texture" },
				"north": { "uv": [ 13.5, 13.375, 11.5, 13.625 ], "texture": "#texture" },
				"south": { "uv": [ 9.5, 13.625, 11.5, 13.875 ], "texture": "#texture" },
				"west": { "uv": [ 3.5, 5.8125, 3.5625, 6.0625 ], "texture": "#texture" },
				"east": { "uv": [ 15.4375, 12.75, 15.375, 13 ], "texture": "#texture" }
			}
		},
		{
			"__comment": "Voxels",
			"from": [ 4, 7.5, 3 ],
			"to": [ 5, 7.75, 5 ],
			"faces": {
				"down": { "uv": [ 3.125, 7.8125, 3.375, 8.3125 ], "texture": "#texture" },
				"up": { "uv": [ 3.125, 8.8125, 3.375, 8.3125 ], "texture": "#texture" },
				"north": { "uv": [ 12.8125, 10.9375, 12.5625, 11 ], "texture": "#texture" },
				"south": { "uv": [ 12.3125, 10.9375, 12.5625, 11 ], "texture": "#texture" },
				"west": { "uv": [ 4.0625, 7.5625, 4.5625, 7.625 ], "texture": "#texture" },
				"east": { "uv": [ 4.5625, 7.5, 4.0625, 7.5625 ], "texture": "#texture" }
			}
		},
		{
			"__comment": "Voxels",
			"from": [ 4, 7.5, 15 ],
			"to": [ 12, 9.5, 15.25 ],
			"faces": {
				"down": { "uv": [ 10.1875, 11.375, 12.1875, 11.4375 ], "texture": "#texture" },
				"up": { "uv": [ 10.1875, 11.5, 12.1875, 11.4375 ], "texture": "#texture" },
				"north": { "uv": [ 8.5, 14.5, 6.5, 15 ], "texture": "#texture" },
				"south": { "uv": [ 4.25, 14.5, 6.25, 15 ], "texture": "#texture" },
				"west": { "uv": [ 3.0625, 2, 3.125, 2.5 ], "texture": "#texture" },
				"east": { "uv": [ 16, 12.25, 15.9375, 12.75 ], "texture": "#texture" }
			}
		},
		{
			"__comment": "Voxels",
			"from": [ 4, 7.5, 15.25 ],
			"to": [ 12, 7.75, 16 ],
			"faces": {
				"down": { "uv": [ 11.125, 13.1875, 13.125, 13.375 ], "texture": "#texture" },
				"up": { "uv": [ 9.125, 13.375, 11.125, 13.1875 ], "texture": "#texture" },
				"north": { "uv": [ 10.1875, 11.375, 8.1875, 11.4375 ], "texture": "#texture" },
				"south": { "uv": [ 8.1875, 11.4375, 10.1875, 11.5 ], "texture": "#texture" },
				"west": { "uv": [ 0.5625, 3.5625, 0.75, 3.625 ], "texture": "#texture" },
				"east": { "uv": [ 0.75, 6.25, 0.5625, 6.3125 ], "texture": "#texture" }
			}
		},
		{
			"__comment": "Voxels",
			"from": [ 4, 7.75, 3 ],
			"to": [ 4.25, 9.25, 5 ],
			"faces": {
				"down": { "uv": [ 4.1875, 8.5625, 4.25, 9.0625 ], "texture": "#texture" },
				"up": { "uv": [ 4.25, 9.0625, 4.3125, 8.5625 ], "texture": "#texture" },
				"north": { "uv": [ 4.6875, 10.1875, 4.625, 10.5625 ], "texture": "#texture" },
				"south": { "uv": [ 4.625, 10.5625, 4.6875, 10.9375 ], "texture": "#texture" },
				"west": { "uv": [ 3.5625, 11.5625, 4.0625, 11.9375 ], "texture": "#texture" },
				"east": { "uv": [ 15.25, 12.25, 14.75, 12.625 ], "texture": "#texture" }
			}
		},
		{
			"__comment": "Voxels",
			"from": [ 4, 8.25, 5 ],
			"to": [ 5, 8.75, 12 ],
			"faces": {
				"down": { "uv": [ 2.375, 4.375, 2.625, 6.125 ], "texture": "#texture" },
				"up": { "uv": [ 2.375, 4.375, 2.625, 2.625 ], "texture": "#texture" },
				"north": { "uv": [ 9.25, 12.25, 9, 12.375 ], "texture": "#texture" },
				"south": { "uv": [ 11, 12.5, 11.25, 12.625 ], "texture": "#texture" },
				"west": { "uv": [ 7.25, 12.25, 9, 12.375 ], "texture": "#texture" },
				"east": { "uv": [ 11, 12.5, 9.25, 12.625 ], "texture": "#texture" }
			}
		},
		{
			"__comment": "Voxels",
			"from": [ 4, 8.25, 13 ],
			"to": [ 7, 8.75, 14 ],
			"faces": {
				"down": { "uv": [ 7.3125, 11.9375, 8.0625, 12.1875 ], "texture": "#texture" },
				"up": { "uv": [ 3.5625, 12.1875, 4.3125, 11.9375 ], "texture": "#texture" },
				"north": { "uv": [ 14, 14.5, 13.25, 14.625 ], "texture": "#texture" },
				"south": { "uv": [ 14, 14.5, 14.75, 14.625 ], "texture": "#texture" },
				"west": { "uv": [ 3.25, 5.1875, 3.5, 5.3125 ], "texture": "#texture" },
				"east": { "uv": [ 4.5625, 8.9375, 4.3125, 9.0625 ], "texture": "#texture" }
			}
		},
		{
			"__comment": "Voxels",
			"from": [ 4, 8.75, 5 ],
			"to": [ 4.25, 9.25, 12 ],
			"faces": {
				"down": { "uv": [ 3.1875, 5.1875, 3.25, 6.9375 ], "texture": "#texture" },
				"up": { "uv": [ 3.0625, 5, 3.125, 3.25 ], "texture": "#texture" },
				"north": { "uv": [ 14.5, 12.25, 14.4375, 12.375 ], "texture": "#texture" },
				"south": { "uv": [ 14.375, 12.25, 14.4375, 12.375 ], "texture": "#texture" },
				"west": { "uv": [ 9.25, 12.25, 11, 12.375 ], "texture": "#texture" },
				"east": { "uv": [ 11, 12.375, 9.25, 12.5 ], "texture": "#texture" }
			}
		},
		{
			"__comment": "Voxels",
			"from": [ 4, 8.75, 13 ],
			"to": [ 4.25, 9.5, 14 ],
			"faces": {
				"down": { "uv": [ 5.5, 13.4375, 5.5625, 13.6875 ], "texture": "#texture" },
				"up": { "uv": [ 2.3125, 4.3125, 2.375, 4.0625 ], "texture": "#texture" },
				"north": { "uv": [ 15.9375, 13.1875, 15.875, 13.375 ], "texture": "#texture" },
				"south": { "uv": [ 15.9375, 13.9375, 16, 14.125 ], "texture": "#texture" },
				"west": { "uv": [ 4.0625, 9.0625, 4.3125, 9.25 ], "texture": "#texture" },
				"east": { "uv": [ 4.5625, 10, 4.3125, 10.1875 ], "texture": "#texture" }
			}
		},
		{
			"__comment": "Voxels",
			"from": [ 4, 9.5, 14 ],
			"to": [ 12, 9.75, 15 ],
			"faces": {
				"down": { "uv": [ 11.5, 13.625, 13.5, 13.875 ], "texture": "#texture" },
				"up": { "uv": [ 11.5, 14.125, 13.5, 13.875 ], "texture": "#texture" },
				"north": { "uv": [ 12.1875, 11.3125, 10.1875, 11.375 ], "texture": "#texture" },
				"south": { "uv": [ 12.1875, 11.4375, 14.1875, 11.5 ], "texture": "#texture" },
				"west": { "uv": [ 7.5625, 10.9375, 7.8125, 11 ], "texture": "#texture" },
				"east": { "uv": [ 7.5625, 10.9375, 7.3125, 11 ], "texture": "#texture" }
			}
		},
		{
			"__comment": "Voxels",
			"from": [ 4.25, 7.75, 4.75 ],
			"to": [ 6, 8.5, 5 ],
			"faces": {
				"down": { "uv": [ 15.5625, 11.25, 16, 11.3125 ], "texture": "#texture" },
				"up": { "uv": [ 15.5625, 12.25, 16, 12.1875 ], "texture": "#texture" },
				"north": { "uv": [ 3.5625, 0.8125, 3.125, 1 ], "texture": "#texture" },
				"south": { "uv": [ 3.125, 0.625, 3.5625, 0.8125 ], "texture": "#texture" },
				"west": { "uv": [ 4.625, 0.75, 4.6875, 0.9375 ], "texture": "#texture" },
				"east": { "uv": [ 4.6875, 2.8125, 4.625, 3 ], "texture": "#texture" }
			}
		},
		{
			"__comment": "Voxels",
			"from": [ 4.25, 8.75, 13.75 ],
			"to": [ 7, 9.5, 14 ],
			"faces": {
				"down": { "uv": [ 15.125, 11, 15.8125, 11.0625 ], "texture": "#texture" },
				"up": { "uv": [ 4.625, 11, 5.3125, 10.9375 ], "texture": "#texture" },
				"north": { "uv": [ 5.4375, 11.3125, 4.75, 11.5 ], "texture": "#texture" },
				"south": { "uv": [ 4.0625, 11.3125, 4.75, 11.5 ], "texture": "#texture" },
				"west": { "uv": [ 4.75, 3.75, 4.8125, 3.9375 ], "texture": "#texture" },
				"east": { "uv": [ 4.875, 3.9375, 4.8125, 4.125 ], "texture": "#texture" }
			}
		},
		{
			"__comment": "Voxels",
			"from": [ 4.75, 8.75, 5 ],
			"to": [ 5, 9.5, 13 ],
			"faces": {
				"down": { "uv": [ 2.3125, 4.3125, 2.375, 6.3125 ], "texture": "#texture" },
				"up": { "uv": [ 2.3125, 8.5625, 2.375, 6.5625 ], "texture": "#texture" },
				"north": { "uv": [ 4.8125, 3.9375, 4.75, 4.125 ], "texture": "#texture" },
				"south": { "uv": [ 4.8125, 4.125, 4.875, 4.3125 ], "texture": "#texture" },
				"west": { "uv": [ 13.9375, 14.125, 15.9375, 14.3125 ], "texture": "#texture" },
				"east": { "uv": [ 6.375, 13, 4.375, 13.1875 ], "texture": "#texture" }
			}
		},
		{
			"__comment": "Voxels",
			"from": [ 5, 6.25, 4 ],
			"to": [ 7, 6.5, 14 ],
			"faces": {
				"down": { "uv": [ 0.75, 6.5, 1.25, 9 ], "texture": "#texture" },
				"up": { "uv": [ 0.75, 11.5, 1.25, 9 ], "texture": "#texture" },
				"north": { "uv": [ 4.5625, 6.625, 4.0625, 6.6875 ], "texture": "#texture" },
				"south": { "uv": [ 4.0625, 7.4375, 4.5625, 7.5 ], "texture": "#texture" },
				"west": { "uv": [ 10.25, 11.625, 12.75, 11.6875 ], "texture": "#texture" },
				"east": { "uv": [ 12.75, 11.75, 10.25, 11.8125 ], "texture": "#texture" }
			}
		},
		{
			"__comment": "Voxels",
			"from": [ 5, 6.5, 5 ],
			"to": [ 7.25, 6.75, 11 ],
			"faces": {
				"down": { "uv": [ 14.75, 14.5, 15.3125, 16 ], "texture": "#texture" },
				"up": { "uv": [ 15.3125, 16, 15.875, 14.5 ], "texture": "#texture" },
				"north": { "uv": [ 4.625, 7.6875, 4.0625, 7.75 ], "texture": "#texture" },
				"south": { "uv": [ 4.0625, 7.8125, 4.625, 7.875 ], "texture": "#texture" },
				"west": { "uv": [ 12.5, 12.75, 14, 12.8125 ], "texture": "#texture" },
				"east": { "uv": [ 7.3125, 11.25, 5.8125, 11.3125 ], "texture": "#texture" }
			}
		},
		{
			"__comment": "Voxels",
			"from": [ 5, 6.5, 11 ],
			"to": [ 6, 6.75, 13 ],
			"faces": {
				"down": { "uv": [ 3.125, 9.3125, 3.375, 9.8125 ], "texture": "#texture" },
				"up": { "uv": [ 3.125, 10.8125, 3.375, 10.3125 ], "texture": "#texture" },
				"north": { "uv": [ 14.8125, 10.9375, 14.5625, 11 ], "texture": "#texture" },
				"south": { "uv": [ 14.3125, 10.9375, 14.5625, 11 ], "texture": "#texture" },
				"west": { "uv": [ 4.0625, 7.375, 4.5625, 7.4375 ], "texture": "#texture" },
				"east": { "uv": [ 4.5625, 7.3125, 4.0625, 7.375 ], "texture": "#texture" }
			}
		},
		{
			"__comment": "Voxels",
			"from": [ 5, 6.75, 2 ],
			"to": [ 5.25, 7.5, 4 ],
			"faces": {
				"down": { "uv": [ 4.3125, 8.4375, 4.375, 8.9375 ], "texture": "#texture" },
				"up": { "uv": [ 4.375, 8.9375, 4.4375, 8.4375 ], "texture": "#texture" },
				"north": { "uv": [ 4.9375, 5.625, 4.875, 5.8125 ], "texture": "#texture" },
				"south": { "uv": [ 4.8125, 5.625, 4.875, 5.8125 ], "texture": "#texture" },
				"west": { "uv": [ 3.5625, 4.875, 4.0625, 5.0625 ], "texture": "#texture" },
				"east": { "uv": [ 4.0625, 4.6875, 3.5625, 4.875 ], "texture": "#texture" }
			}
		},
		{
			"__comment": "Voxels",
			"from": [ 5, 7.5, 4 ],
			"to": [ 7, 7.75, 5 ],
			"faces": {
				"down": { "uv": [ 3.5625, 7.5625, 4.0625, 7.8125 ], "texture": "#texture" },
				"up": { "uv": [ 0.75, 0.25, 1.25, 0 ], "texture": "#texture" },
				"north": { "uv": [ 4.5625, 7.25, 4.0625, 7.3125 ], "texture": "#texture" },
				"south": { "uv": [ 4.0625, 7.1875, 4.5625, 7.25 ], "texture": "#texture" },
				"west": { "uv": [ 14.0625, 10.9375, 14.3125, 11 ], "texture": "#texture" },
				"east": { "uv": [ 14.0625, 10.9375, 13.8125, 11 ], "texture": "#texture" }
			}
		},
		{
			"__comment": "Voxels",
			"from": [ 5, 8.5, 4.75 ],
			"to": [ 6, 9.5, 5 ],
			"faces": {
				"down": { "uv": [ 13.5625, 10.9375, 13.8125, 11 ], "texture": "#texture" },
				"up": { "uv": [ 13.3125, 11, 13.5625, 10.9375 ], "texture": "#texture" },
				"north": { "uv": [ 3.5, 2.9375, 3.25, 3.1875 ], "texture": "#texture" },
				"south": { "uv": [ 3.125, 0.1875, 3.375, 0.4375 ], "texture": "#texture" },
				"west": { "uv": [ 15.3125, 12.75, 15.375, 13 ], "texture": "#texture" },
				"east": { "uv": [ 7, 13.4375, 6.9375, 13.6875 ], "texture": "#texture" }
			}
		},
		{
			"__comment": "Voxels",
			"from": [ 5, 8.75, 13 ],
			"to": [ 6, 9.5, 13.25 ],
			"faces": {
				"down": { "uv": [ 4.6875, 6.8125, 4.9375, 6.875 ], "texture": "#texture" },
				"up": { "uv": [ 4.6875, 6.9375, 4.9375, 6.875 ], "texture": "#texture" },
				"north": { "uv": [ 4.5625, 9.625, 4.3125, 9.8125 ], "texture": "#texture" },
				"south": { "uv": [ 4.0625, 9.4375, 4.3125, 9.625 ], "texture": "#texture" },
				"west": { "uv": [ 4.6875, 5.8125, 4.75, 6 ], "texture": "#texture" },
				"east": { "uv": [ 4.75, 3.5625, 4.6875, 3.75 ], "texture": "#texture" }
			}
		},
		{
			"__comment": "Voxels",
			"from": [ 5, 9.5, 5 ],
			"to": [ 6, 9.75, 13 ],
			"faces": {
				"down": { "uv": [ 1.8125, 0.0625, 2.0625, 2.0625 ], "texture": "#texture" },
				"up": { "uv": [ 1.8125, 4.0625, 2.0625, 2.0625 ], "texture": "#texture" },
				"north": { "uv": [ 4.9375, 7.4375, 4.6875, 7.5 ], "texture": "#texture" },
				"south": { "uv": [ 4.6875, 7.5, 4.9375, 7.5625 ], "texture": "#texture" },
				"west": { "uv": [ 12.1875, 11.375, 14.1875, 11.4375 ], "texture": "#texture" },
				"east": { "uv": [ 14.1875, 11.3125, 12.1875, 11.375 ], "texture": "#texture" }
			}
		},
		{
			"__comment": "Voxels",
			"from": [ 5.25, 6.5, 3.75 ],
			"to": [ 7, 7.5, 4 ],
			"faces": {
				"down": { "uv": [ 4.125, 1.8125, 4.5625, 1.875 ], "texture": "#texture" },
				"up": { "uv": [ 4.125, 1.9375, 4.5625, 1.875 ], "texture": "#texture" },
				"north": { "uv": [ 3.5625, 2.6875, 3.125, 2.9375 ], "texture": "#texture" },
				"south": { "uv": [ 3.125, 4.6875, 3.5625, 4.9375 ], "texture": "#texture" },
				"west": { "uv": [ 4.625, 7.1875, 4.6875, 7.4375 ], "texture": "#texture" },
				"east": { "uv": [ 4.6875, 7.4375, 4.625, 7.6875 ], "texture": "#texture" }
			}
		},
		{
			"__comment": "Voxels",
			"from": [ 5.25, 6.5, 4 ],
			"to": [ 7.25, 6.75, 5 ],
			"faces": {
				"down": { "uv": [ 3.5625, 6.3125, 4.0625, 6.5625 ], "texture": "#texture" },
				"up": { "uv": [ 3.5625, 9.3125, 4.0625, 9.0625 ], "texture": "#texture" },
				"north": { "uv": [ 4.5625, 7.125, 4.0625, 7.1875 ], "texture": "#texture" },
				"south": { "uv": [ 4.0625, 7.0625, 4.5625, 7.125 ], "texture": "#texture" },
				"west": { "uv": [ 4.6875, 9.1875, 4.9375, 9.25 ], "texture": "#texture" },
				"east": { "uv": [ 4.9375, 9.25, 4.6875, 9.3125 ], "texture": "#texture" }
			}
		},
		{
			"__comment": "Voxels",
			"from": [ 6, 7.5, 5 ],
			"to": [ 7, 7.75, 11 ],
			"faces": {
				"down": { "uv": [ 2.875, 8.25, 3.125, 9.75 ], "texture": "#texture" },
				"up": { "uv": [ 2.625, 9.75, 2.875, 8.25 ], "texture": "#texture" },
				"north": { "uv": [ 4.9375, 9.3125, 4.6875, 9.375 ], "texture": "#texture" },
				"south": { "uv": [ 4.6875, 9.625, 4.9375, 9.6875 ], "texture": "#texture" },
				"west": { "uv": [ 8.8125, 11.25, 10.3125, 11.3125 ], "texture": "#texture" },
				"east": { "uv": [ 8.8125, 11.25, 7.3125, 11.3125 ], "texture": "#texture" }
			}
		},
		{
			"__comment": "Voxels",
			"from": [ 6, 7.75, 5 ],
			"to": [ 6.25, 9.5, 11 ],
			"faces": {
				"down": { "uv": [ 3.25, 3.1875, 3.3125, 4.6875 ], "texture": "#texture" },
				"up": { "uv": [ 3.1875, 4.6875, 3.25, 3.1875 ], "texture": "#texture" },
				"north": { "uv": [ 4.5625, 0.0625, 4.5, 0.5 ], "texture": "#texture" },
				"south": { "uv": [ 4.5625, 0.0625, 4.625, 0.5 ], "texture": "#texture" },
				"west": { "uv": [ 13.25, 14.625, 14.75, 15.0625 ], "texture": "#texture" },
				"east": { "uv": [ 13.25, 14.625, 11.75, 15.0625 ], "texture": "#texture" }
			}
		},
		{
			"__comment": "Voxels",
			"from": [ 6, 8.25, 11 ],
			"to": [ 7, 8.75, 13 ],
			"faces": {
				"down": { "uv": [ 3.125, 10.8125, 3.375, 11.3125 ], "texture": "#texture" },
				"up": { "uv": [ 3.125, 9.3125, 3.375, 8.8125 ], "texture": "#texture" },
				"north": { "uv": [ 4.4375, 4.375, 4.1875, 4.5 ], "texture": "#texture" },
				"south": { "uv": [ 4.375, 5, 4.625, 5.125 ], "texture": "#texture" },
				"west": { "uv": [ 3.5625, 0.1875, 4.0625, 0.3125 ], "texture": "#texture" },
				"east": { "uv": [ 4.0625, 0.4375, 3.5625, 0.5625 ], "texture": "#texture" }
			}
		},
		{
			"__comment": "Voxels",
			"from": [ 6, 8.75, 11 ],
			"to": [ 6.25, 9.5, 13 ],
			"faces": {
				"down": { "uv": [ 4.125, 4.125, 4.1875, 4.625 ], "texture": "#texture" },
				"up": { "uv": [ 4.0625, 4.625, 4.125, 4.125 ], "texture": "#texture" },
				"north": { "uv": [ 4.9375, 3.75, 4.875, 3.9375 ], "texture": "#texture" },
				"south": { "uv": [ 4.875, 5.0625, 4.9375, 5.25 ], "texture": "#texture" },
				"west": { "uv": [ 3.5625, 4.125, 4.0625, 4.3125 ], "texture": "#texture" },
				"east": { "uv": [ 4.0625, 1.125, 3.5625, 1.3125 ], "texture": "#texture" }
			}
		},
		{
			"__comment": "Voxels",
			"from": [ 6.25, 7.75, 10.75 ],
			"to": [ 10, 8.5, 11 ],
			"faces": {
				"down": { "uv": [ 13.5625, 11.125, 14.5, 11.1875 ], "texture": "#texture" },
				"up": { "uv": [ 9.3125, 11.6875, 10.25, 11.625 ], "texture": "#texture" },
				"north": { "uv": [ 10.25, 11.6875, 9.3125, 11.875 ], "texture": "#texture" },
				"south": { "uv": [ 9.625, 12.75, 10.5625, 12.9375 ], "texture": "#texture" },
				"west": { "uv": [ 4.625, 4.3125, 4.6875, 4.5 ], "texture": "#texture" },
				"east": { "uv": [ 4.6875, 4.5, 4.625, 4.6875 ], "texture": "#texture" }
			}
		},
		{
			"__comment": "Voxels",
			"from": [ 6.75, 8.75, 11 ],
			"to": [ 7, 9.5, 13.75 ],
			"faces": {
				"down": { "uv": [ 4.0625, 8.375, 4.125, 9.0625 ], "texture": "#texture" },
				"up": { "uv": [ 4.125, 9.0625, 4.1875, 8.375 ], "texture": "#texture" },
				"north": { "uv": [ 4.625, 9.8125, 4.5625, 10 ], "texture": "#texture" },
				"south": { "uv": [ 4.5625, 10, 4.625, 10.1875 ], "texture": "#texture" },
				"west": { "uv": [ 6.125, 11.3125, 6.8125, 11.5 ], "texture": "#texture" },
				"east": { "uv": [ 6.125, 11.3125, 5.4375, 11.5 ], "texture": "#texture" }
			}
		},
		{
			"__comment": "Voxels",
			"from": [ 7, 6.25, 10 ],
			"to": [ 16, 6.5, 14 ],
			"faces": {
				"down": { "uv": [ 4.25, 15, 6.5, 16 ], "texture": "#texture" },
				"up": { "uv": [ 6.5, 16, 8.75, 15 ], "texture": "#texture" },
				"north": { "uv": [ 15, 11.625, 12.75, 11.6875 ], "texture": "#texture" },
				"south": { "uv": [ 12.75, 11.75, 15, 11.8125 ], "texture": "#texture" },
				"west": { "uv": [ 9.6875, 11.125, 10.6875, 11.1875 ], "texture": "#texture" },
				"east": { "uv": [ 11.6875, 11.125, 10.6875, 11.1875 ], "texture": "#texture" }
			}
		},
		{
			"__comment": "Voxels",
			"from": [ 7, 6.5, 11 ],
			"to": [ 9, 6.75, 14 ],
			"faces": {
				"down": { "uv": [ 2.625, 11.25, 3.125, 12 ], "texture": "#texture" },
				"up": { "uv": [ 2.625, 12.75, 3.125, 12 ], "texture": "#texture" },
				"north": { "uv": [ 4.5625, 6.6875, 4.0625, 6.75 ], "texture": "#texture" },
				"south": { "uv": [ 4.0625, 6.75, 4.5625, 6.8125 ], "texture": "#texture" },
				"west": { "uv": [ 6.875, 11, 7.625, 11.0625 ], "texture": "#texture" },
				"east": { "uv": [ 9.125, 11, 8.375, 11.0625 ], "texture": "#texture" }
			}
		},
		{
			"__comment": "Voxels",
			"from": [ 7, 6.75, 4 ],
			"to": [ 7.25, 7.5, 10 ],
			"faces": {
				"down": { "uv": [ 15.9375, 14.5, 16, 16 ], "texture": "#texture" },
				"up": { "uv": [ 15.875, 16, 15.9375, 14.5 ], "texture": "#texture" },
				"north": { "uv": [ 4.6875, 0.375, 4.625, 0.5625 ], "texture": "#texture" },
				"south": { "uv": [ 4.625, 0, 4.6875, 0.1875 ], "texture": "#texture" },
				"west": { "uv": [ 8.125, 12.75, 9.625, 12.9375 ], "texture": "#texture" },
				"east": { "uv": [ 14, 13, 12.5, 13.1875 ], "texture": "#texture" }
			}
		},
		{
			"__comment": "Voxels",
			"from": [ 7, 7.5, 10 ],
			"to": [ 10, 7.75, 11 ],
			"faces": {
				"down": { "uv": [ 9.5625, 11.9375, 10.3125, 12.1875 ], "texture": "#texture" },
				"up": { "uv": [ 10.3125, 12.1875, 11.0625, 11.9375 ], "texture": "#texture" },
				"north": { "uv": [ 15.9375, 11.1875, 15.1875, 11.25 ], "texture": "#texture" },
				"south": { "uv": [ 15.1875, 11.5625, 15.9375, 11.625 ], "texture": "#texture" },
				"west": { "uv": [ 4.6875, 8.5625, 4.9375, 8.625 ], "texture": "#texture" },
				"east": { "uv": [ 4.9375, 8.625, 4.6875, 8.6875 ], "texture": "#texture" }
			}
		},
		{
			"__comment": "Voxels",
			"from": [ 7, 8.5, 10.75 ],
			"to": [ 9, 9.5, 11 ],
			"faces": {
				"down": { "uv": [ 4.0625, 7, 4.5625, 7.0625 ], "texture": "#texture" },
				"up": { "uv": [ 4.0625, 7, 4.5625, 6.9375 ], "texture": "#texture" },
				"north": { "uv": [ 4.0625, 10.0625, 3.5625, 10.3125 ], "texture": "#texture" },
				"south": { "uv": [ 3.5625, 9.8125, 4.0625, 10.0625 ], "texture": "#texture" },
				"west": { "uv": [ 4.4375, 4.125, 4.5, 4.375 ], "texture": "#texture" },
				"east": { "uv": [ 16, 11.9375, 15.9375, 12.1875 ], "texture": "#texture" }
			}
		},
		{
			"__comment": "Voxels",
			"from": [ 7, 9.5, 11 ],
			"to": [ 9, 9.75, 14 ],
			"faces": {
				"down": { "uv": [ 2.625, 10.5, 3.125, 11.25 ], "texture": "#texture" },
				"up": { "uv": [ 2.625, 10.5, 3.125, 9.75 ], "texture": "#texture" },
				"north": { "uv": [ 4.5625, 6.875, 4.0625, 6.9375 ], "texture": "#texture" },
				"south": { "uv": [ 4.0625, 6.8125, 4.5625, 6.875 ], "texture": "#texture" },
				"west": { "uv": [ 14, 11.0625, 14.75, 11.125 ], "texture": "#texture" },
				"east": { "uv": [ 9.5, 11.0625, 8.75, 11.125 ], "texture": "#texture" }
			}
		},
		{
			"__comment": "Voxels",
			"from": [ 7.25, 6.5, 9.75 ],
			"to": [ 11, 6.75, 11 ],
			"faces": {
				"down": { "uv": [ 11.5625, 12.875, 12.5, 13.1875 ], "texture": "#texture" },
				"up": { "uv": [ 10.625, 13.1875, 11.5625, 12.875 ], "texture": "#texture" },
				"north": { "uv": [ 13.5625, 11.125, 12.625, 11.1875 ], "texture": "#texture" },
				"south": { "uv": [ 11.6875, 11.125, 12.625, 11.1875 ], "texture": "#texture" },
				"west": { "uv": [ 2.0625, 0, 2.375, 0.0625 ], "texture": "#texture" },
				"east": { "uv": [ 15.8125, 11.0625, 15.5, 11.125 ], "texture": "#texture" }
			}
		},
		{
			"__comment": "Voxels",
			"from": [ 7.25, 6.75, 9.75 ],
			"to": [ 9, 7.5, 10 ],
			"faces": {
				"down": { "uv": [ 4.125, 1.625, 4.5625, 1.6875 ], "texture": "#texture" },
				"up": { "uv": [ 4.125, 1.625, 4.5625, 1.5625 ], "texture": "#texture" },
				"north": { "uv": [ 3.5625, 1.375, 3.125, 1.5625 ], "texture": "#texture" },
				"south": { "uv": [ 3.125, 1.1875, 3.5625, 1.375 ], "texture": "#texture" },
				"west": { "uv": [ 4.75, 4.3125, 4.8125, 4.5 ], "texture": "#texture" },
				"east": { "uv": [ 4.875, 4.6875, 4.8125, 4.875 ], "texture": "#texture" }
			}
		},
		{
			"__comment": "Voxels",
			"from": [ 8.75, 6.5, 4 ],
			"to": [ 13, 6.75, 5 ],
			"faces": {
				"down": { "uv": [ 8.25, 13.375, 9.3125, 13.625 ], "texture": "#texture" },
				"up": { "uv": [ 7, 13.625, 8.0625, 13.375 ], "texture": "#texture" },
				"north": { "uv": [ 5.6875, 11.125, 4.625, 11.1875 ], "texture": "#texture" },
				"south": { "uv": [ 14.125, 11.1875, 15.1875, 11.25 ], "texture": "#texture" },
				"west": { "uv": [ 4.6875, 7.1875, 4.9375, 7.25 ], "texture": "#texture" },
				"east": { "uv": [ 4.9375, 7.25, 4.6875, 7.3125 ], "texture": "#texture" }
			}
		},
		{
			"__comment": "Voxels",
			"from": [ 8.75, 6.5, 5 ],
			"to": [ 11, 6.75, 9.75 ],
			"faces": {
				"down": { "uv": [ 1.8125, 13.3125, 2.375, 14.5 ], "texture": "#texture" },
				"up": { "uv": [ 1.25, 1.25, 1.8125, 0.0625 ], "texture": "#texture" },
				"north": { "uv": [ 4.625, 8, 4.0625, 8.0625 ], "texture": "#texture" },
				"south": { "uv": [ 4.0625, 8.25, 4.625, 8.3125 ], "texture": "#texture" },
				"west": { "uv": [ 9.625, 11.1875, 10.8125, 11.25 ], "texture": "#texture" },
				"east": { "uv": [ 12, 11.1875, 10.8125, 11.25 ], "texture": "#texture" }
			}
		},
		{
			"__comment": "Voxels",
			"from": [ 8.75, 6.75, 4 ],
			"to": [ 9, 7.5, 9.75 ],
			"faces": {
				"down": { "uv": [ 3.4375, 3.25, 3.5, 4.6875 ], "texture": "#texture" },
				"up": { "uv": [ 3.375, 4.6875, 3.4375, 3.25 ], "texture": "#texture" },
				"north": { "uv": [ 4.3125, 8.375, 4.25, 8.5625 ], "texture": "#texture" },
				"south": { "uv": [ 4.1875, 8.375, 4.25, 8.5625 ], "texture": "#texture" },
				"west": { "uv": [ 12.5, 12.8125, 13.9375, 13 ], "texture": "#texture" },
				"east": { "uv": [ 15.4375, 13, 14, 13.1875 ], "texture": "#texture" }
			}
		},
		{
			"__comment": "Voxels",
			"from": [ 9, 6.25, 4 ],
			"to": [ 16, 6.5, 10 ],
			"faces": {
				"down": { "uv": [ 0.75, 14.5, 2.5, 16 ], "texture": "#texture" },
				"up": { "uv": [ 2.5, 16, 4.25, 14.5 ], "texture": "#texture" },
				"north": { "uv": [ 5.8125, 11.25, 4.0625, 11.3125 ], "texture": "#texture" },
				"south": { "uv": [ 14.1875, 11.4375, 15.9375, 11.5 ], "texture": "#texture" },
				"west": { "uv": [ 11.75, 14.5, 13.25, 14.5625 ], "texture": "#texture" },
				"east": { "uv": [ 13.25, 14.5625, 11.75, 14.625 ], "texture": "#texture" }
			}
		},
		{
			"__comment": "Voxels",
			"from": [ 9, 6.5, 3.75 ],
			"to": [ 13, 6.75, 4 ],
			"faces": {
				"down": { "uv": [ 8.6875, 11.125, 9.6875, 11.1875 ], "texture": "#texture" },
				"up": { "uv": [ 7.6875, 11.1875, 8.6875, 11.125 ], "texture": "#texture" },
				"north": { "uv": [ 7.6875, 11.125, 6.6875, 11.1875 ], "texture": "#texture" },
				"south": { "uv": [ 5.6875, 11.125, 6.6875, 11.1875 ], "texture": "#texture" },
				"west": { "uv": [ 0.6875, 6.5, 0.75, 6.5625 ], "texture": "#texture" },
				"east": { "uv": [ 5.5625, 13.375, 5.5, 13.4375 ], "texture": "#texture" }
			}
		},
		{
			"__comment": "Voxels",
			"from": [ 9, 6.75, 3.75 ],
			"to": [ 11, 7.5, 4 ],
			"faces": {
				"down": { "uv": [ 4.0625, 6.5625, 4.5625, 6.625 ], "texture": "#texture" },
				"up": { "uv": [ 4.0625, 6.5625, 4.5625, 6.5 ], "texture": "#texture" },
				"north": { "uv": [ 4.0625, 1.3125, 3.5625, 1.5 ], "texture": "#texture" },
				"south": { "uv": [ 3.5625, 1.5, 4.0625, 1.6875 ], "texture": "#texture" },
				"west": { "uv": [ 4.625, 4.125, 4.6875, 4.3125 ], "texture": "#texture" },
				"east": { "uv": [ 4.6875, 3.9375, 4.625, 4.125 ], "texture": "#texture" }
			}
		},
		{
			"__comment": "Voxels",
			"from": [ 9, 7.5, 4 ],
			"to": [ 12, 7.75, 5 ],
			"faces": {
				"down": { "uv": [ 11.8125, 11.9375, 12.5625, 12.1875 ], "texture": "#texture" },
				"up": { "uv": [ 11.0625, 12.1875, 11.8125, 11.9375 ], "texture": "#texture" },
				"north": { "uv": [ 8, 11.0625, 7.25, 11.125 ], "texture": "#texture" },
				"south": { "uv": [ 8, 11.0625, 8.75, 11.125 ], "texture": "#texture" },
				"west": { "uv": [ 4.6875, 8.4375, 4.9375, 8.5 ], "texture": "#texture" },
				"east": { "uv": [ 4.9375, 8.375, 4.6875, 8.4375 ], "texture": "#texture" }
			}
		},
		{
			"__comment": "Voxels",
			"from": [ 9, 7.5, 5 ],
			"to": [ 10, 7.75, 10 ],
			"faces": {
				"down": { "uv": [ 2.625, 7, 2.875, 8.25 ], "texture": "#texture" },
				"up": { "uv": [ 2.875, 8.25, 3.125, 7 ], "texture": "#texture" },
				"north": { "uv": [ 4.9375, 8.25, 4.6875, 8.3125 ], "texture": "#texture" },
				"south": { "uv": [ 4.6875, 8.1875, 4.9375, 8.25 ], "texture": "#texture" },
				"west": { "uv": [ 5.875, 11.1875, 7.125, 11.25 ], "texture": "#texture" },
				"east": { "uv": [ 5.875, 11.1875, 4.625, 11.25 ], "texture": "#texture" }
			}
		},
		{
			"__comment": "Voxels",
			"from": [ 9, 8.25, 11 ],
			"to": [ 10, 8.75, 14 ],
			"faces": {
				"down": { "uv": [ 2.375, 0.125, 2.625, 0.875 ], "texture": "#texture" },
				"up": { "uv": [ 1.5, 4.25, 1.75, 3.5 ], "texture": "#texture" },
				"north": { "uv": [ 4.3125, 6.375, 4.0625, 6.5 ], "texture": "#texture" },
				"south": { "uv": [ 4.3125, 6.375, 4.5625, 6.5 ], "texture": "#texture" },
				"west": { "uv": [ 11.5625, 12.75, 12.3125, 12.875 ], "texture": "#texture" },
				"east": { "uv": [ 11.375, 12.75, 10.625, 12.875 ], "texture": "#texture" }
			}
		},
		{
			"__comment": "Voxels",
			"from": [ 9, 8.75, 11 ],
			"to": [ 9.25, 9.5, 14 ],
			"faces": {
				"down": { "uv": [ 1.75, 3.5, 1.8125, 4.25 ], "texture": "#texture" },
				"up": { "uv": [ 3.0625, 3.25, 3.125, 2.5 ], "texture": "#texture" },
				"north": { "uv": [ 4.6875, 5.0625, 4.625, 5.25 ], "texture": "#texture" },
				"south": { "uv": [ 4.625, 3, 4.6875, 3.1875 ], "texture": "#texture" },
				"west": { "uv": [ 15, 11.6875, 15.75, 11.875 ], "texture": "#texture" },
				"east": { "uv": [ 15.875, 13.1875, 15.125, 13.375 ], "texture": "#texture" }
			}
		},
		{
			"__comment": "Voxels",
			"from": [ 9.25, 8.75, 13.75 ],
			"to": [ 12, 9.5, 14 ],
			"faces": {
				"down": { "uv": [ 5.3125, 10.9375, 6, 11 ], "texture": "#texture" },
				"up": { "uv": [ 6, 11, 6.6875, 10.9375 ], "texture": "#texture" },
				"north": { "uv": [ 8.1875, 11.3125, 7.5, 11.5 ], "texture": "#texture" },
				"south": { "uv": [ 6.8125, 11.3125, 7.5, 11.5 ], "texture": "#texture" },
				"west": { "uv": [ 4.6875, 5.625, 4.75, 5.8125 ], "texture": "#texture" },
				"east": { "uv": [ 4.8125, 5.625, 4.75, 5.8125 ], "texture": "#texture" }
			}
		},
		{
			"__comment": "Voxels",
			"from": [ 9.75, 7.75, 5 ],
			"to": [ 10, 9.5, 10.75 ],
			"faces": {
				"down": { "uv": [ 3.5, 3.25, 3.5625, 4.6875 ], "texture": "#texture" },
				"up": { "uv": [ 3.3125, 4.6875, 3.375, 3.25 ], "texture": "#texture" },
				"north": { "uv": [ 4.5, 0.0625, 4.4375, 0.5 ], "texture": "#texture" },
				"south": { "uv": [ 4.25, 0.0625, 4.3125, 0.5 ], "texture": "#texture" },
				"west": { "uv": [ 5.5625, 13.6875, 7, 14.125 ], "texture": "#texture" },
				"east": { "uv": [ 5.5625, 13.6875, 4.125, 14.125 ], "texture": "#texture" }
			}
		},
		{
			"__comment": "Voxels",
			"from": [ 9.75, 8.5, 10.75 ],
			"to": [ 10, 9.5, 11 ],
			"faces": {
				"down": { "uv": [ 3.4375, 7.8125, 3.5, 7.875 ], "texture": "#texture" },
				"up": { "uv": [ 3.5, 7.875, 3.5625, 7.8125 ], "texture": "#texture" },
				"north": { "uv": [ 15.9375, 11.9375, 15.875, 12.1875 ], "texture": "#texture" },
				"south": { "uv": [ 4.5, 4.125, 4.5625, 4.375 ], "texture": "#texture" },
				"west": { "uv": [ 4.5625, 4.125, 4.625, 4.375 ], "texture": "#texture" },
				"east": { "uv": [ 4.6875, 9.4375, 4.625, 9.6875 ], "texture": "#texture" }
			}
		},
		{
			"__comment": "Voxels",
			"from": [ 9.75, 8.75, 11 ],
			"to": [ 10, 9.5, 13 ],
			"faces": {
				"down": { "uv": [ 4.4375, 8.4375, 4.5, 8.9375 ], "texture": "#texture" },
				"up": { "uv": [ 4.5, 8.9375, 4.5625, 8.4375 ], "texture": "#texture" },
				"north": { "uv": [ 4.875, 4.3125, 4.8125, 4.5 ], "texture": "#texture" },
				"south": { "uv": [ 4.75, 4.125, 4.8125, 4.3125 ], "texture": "#texture" },
				"west": { "uv": [ 3.5625, 5.0625, 4.0625, 5.25 ], "texture": "#texture" },
				"east": { "uv": [ 4.0625, 5.25, 3.5625, 5.4375 ], "texture": "#texture" }
			}
		},
		{
			"__comment": "Voxels",
			"from": [ 10, 6.5, 11 ],
			"to": [ 11, 6.75, 13 ],
			"faces": {
				"down": { "uv": [ 6.25, 14.5, 6.5, 15 ], "texture": "#texture" },
				"up": { "uv": [ 8.5, 15, 8.75, 14.5 ], "texture": "#texture" },
				"north": { "uv": [ 4.9375, 9.875, 4.6875, 9.9375 ], "texture": "#texture" },
				"south": { "uv": [ 4.6875, 9.6875, 4.9375, 9.75 ], "texture": "#texture" },
				"west": { "uv": [ 4.0625, 6.3125, 4.5625, 6.375 ], "texture": "#texture" },
				"east": { "uv": [ 4.5625, 6.25, 4.0625, 6.3125 ], "texture": "#texture" }
			}
		},
		{
			"__comment": "Voxels",
			"from": [ 10, 7.75, 4.75 ],
			"to": [ 12, 8.5, 5 ],
			"faces": {
				"down": { "uv": [ 4.0625, 6.1875, 4.5625, 6.25 ], "texture": "#texture" },
				"up": { "uv": [ 4.0625, 6.1875, 4.5625, 6.125 ], "texture": "#texture" },
				"north": { "uv": [ 4.0625, 5.4375, 3.5625, 5.625 ], "texture": "#texture" },
				"south": { "uv": [ 3.5625, 5.625, 4.0625, 5.8125 ], "texture": "#texture" },
				"west": { "uv": [ 4.8125, 4.875, 4.875, 5.0625 ], "texture": "#texture" },
				"east": { "uv": [ 0.6875, 3.8125, 0.625, 4 ], "texture": "#texture" }
			}
		},
		{
			"__comment": "Voxels",
			"from": [ 10, 8.25, 13 ],
			"to": [ 12, 8.75, 14 ],
			"faces": {
				"down": { "uv": [ 3.5625, 7.3125, 4.0625, 7.5625 ], "texture": "#texture" },
				"up": { "uv": [ 3.5625, 8.0625, 4.0625, 7.8125 ], "texture": "#texture" },
				"north": { "uv": [ 4.0625, 0.3125, 3.5625, 0.4375 ], "texture": "#texture" },
				"south": { "uv": [ 4.0625, 10.625, 4.5625, 10.75 ], "texture": "#texture" },
				"west": { "uv": [ 4.0625, 6, 4.3125, 6.125 ], "texture": "#texture" },
				"east": { "uv": [ 4.5625, 6, 4.3125, 6.125 ], "texture": "#texture" }
			}
		},
		{
			"__comment": "Voxels",
			"from": [ 10, 8.5, 4.75 ],
			"to": [ 11, 9.5, 5 ],
			"faces": {
				"down": { "uv": [ 8.3125, 10.9375, 8.5625, 11 ], "texture": "#texture" },
				"up": { "uv": [ 8.5625, 11, 8.8125, 10.9375 ], "texture": "#texture" },
				"north": { "uv": [ 15.3125, 12.75, 15.0625, 13 ], "texture": "#texture" },
				"south": { "uv": [ 11, 12.25, 11.25, 12.5 ], "texture": "#texture" },
				"west": { "uv": [ 2.3125, 10.8125, 2.375, 11.0625 ], "texture": "#texture" },
				"east": { "uv": [ 2.375, 6.3125, 2.3125, 6.5625 ], "texture": "#texture" }
			}
		},
		{
			"__comment": "Voxels",
			"from": [ 10, 8.75, 13 ],
			"to": [ 11, 9.5, 13.25 ],
			"faces": {
				"down": { "uv": [ 9.3125, 10.9375, 9.5625, 11 ], "texture": "#texture" },
				"up": { "uv": [ 9.5625, 11, 9.8125, 10.9375 ], "texture": "#texture" },
				"north": { "uv": [ 3.375, 0, 3.125, 0.1875 ], "texture": "#texture" },
				"south": { "uv": [ 4.0625, 10.1875, 4.3125, 10.375 ], "texture": "#texture" },
				"west": { "uv": [ 15.9375, 13.1875, 16, 13.375 ], "texture": "#texture" },
				"east": { "uv": [ 10.625, 12.75, 10.5625, 12.9375 ], "texture": "#texture" }
			}
		},
		{
			"__comment": "Voxels",
			"from": [ 10, 9.5, 5 ],
			"to": [ 11, 9.75, 13 ],
			"faces": {
				"down": { "uv": [ 2.0625, 0.0625, 2.3125, 2.0625 ], "texture": "#texture" },
				"up": { "uv": [ 2.375, 13.375, 2.625, 11.375 ], "texture": "#texture" },
				"north": { "uv": [ 11.0625, 10.9375, 10.8125, 11 ], "texture": "#texture" },
				"south": { "uv": [ 11.0625, 10.9375, 11.3125, 11 ], "texture": "#texture" },
				"west": { "uv": [ 4.375, 12.75, 6.375, 12.8125 ], "texture": "#texture" },
				"east": { "uv": [ 8.1875, 11.5, 6.1875, 11.5625 ], "texture": "#texture" }
			}
		},
		{
			"__comment": "Voxels",
			"from": [ 10.75, 6.5, 2 ],
			"to": [ 16.25, 6.75, 3 ],
			"faces": {
				"down": { "uv": [ 4.125, 13.4375, 5.5, 13.6875 ], "texture": "#texture" },
				"up": { "uv": [ 5.5625, 13.6875, 6.9375, 13.4375 ], "texture": "#texture" },
				"north": { "uv": [ 6.9375, 13.375, 5.5625, 13.4375 ], "texture": "#texture" },
				"south": { "uv": [ 4.125, 13.375, 5.5, 13.4375 ], "texture": "#texture" },
				"west": { "uv": [ 11.8125, 10.9375, 12.0625, 11 ], "texture": "#texture" },
				"east": { "uv": [ 12.3125, 10.9375, 12.0625, 11 ], "texture": "#texture" }
			}
		},
		{
			"__comment": "Voxels",
			"from": [ 10.75, 6.5, 3 ],
			"to": [ 13, 6.75, 3.75 ],
			"faces": {
				"down": { "uv": [ 4.0625, 10.875, 4.625, 11.0625 ], "texture": "#texture" },
				"up": { "uv": [ 4.0625, 11.25, 4.625, 11.0625 ], "texture": "#texture" },
				"north": { "uv": [ 4.625, 8.3125, 4.0625, 8.375 ], "texture": "#texture" },
				"south": { "uv": [ 1.25, 0, 1.8125, 0.0625 ], "texture": "#texture" },
				"west": { "uv": [ 0.5625, 3.5, 0.75, 3.5625 ], "texture": "#texture" },
				"east": { "uv": [ 8.25, 13.375, 8.0625, 13.4375 ], "texture": "#texture" }
			}
		},
		{
			"__comment": "Voxels",
			"from": [ 10.75, 6.75, 2 ],
			"to": [ 11, 7.5, 3.75 ],
			"faces": {
				"down": { "uv": [ 4.5, 0.625, 4.5625, 1.0625 ], "texture": "#texture" },
				"up": { "uv": [ 4.5625, 1.0625, 4.625, 0.625 ], "texture": "#texture" },
				"north": { "uv": [ 4.625, 9.625, 4.5625, 9.8125 ], "texture": "#texture" },
				"south": { "uv": [ 4.5625, 9.4375, 4.625, 9.625 ], "texture": "#texture" },
				"west": { "uv": [ 3.125, 2.125, 3.5625, 2.3125 ], "texture": "#texture" },
				"east": { "uv": [ 3.5625, 2.3125, 3.125, 2.5 ], "texture": "#texture" }
			}
		},
		{
			"__comment": "Voxels",
			"from": [ 11, 6.25, 2 ],
			"to": [ 16, 6.5, 4 ],
			"faces": {
				"down": { "uv": [ 7, 13.625, 8.25, 14.125 ], "texture": "#texture" },
				"up": { "uv": [ 8.25, 14.125, 9.5, 13.625 ], "texture": "#texture" },
				"north": { "uv": [ 9.625, 11.1875, 8.375, 11.25 ], "texture": "#texture" },
				"south": { "uv": [ 7.125, 11.1875, 8.375, 11.25 ], "texture": "#texture" },
				"west": { "uv": [ 4.0625, 5.9375, 4.5625, 6 ], "texture": "#texture" },
				"east": { "uv": [ 4.5625, 5.875, 4.0625, 5.9375 ], "texture": "#texture" }
			}
		},
		{
			"__comment": "Voxels",
			"from": [ 11, 6.5, 1.75 ],
			"to": [ 16.25, 6.75, 2 ],
			"faces": {
				"down": { "uv": [ 10.3125, 11.25, 11.625, 11.3125 ], "texture": "#texture" },
				"up": { "uv": [ 11.625, 11.3125, 12.9375, 11.25 ], "texture": "#texture" },
				"north": { "uv": [ 14.25, 11.25, 12.9375, 11.3125 ], "texture": "#texture" },
				"south": { "uv": [ 14.25, 11.25, 15.5625, 11.3125 ], "texture": "#texture" },
				"west": { "uv": [ 6.9375, 13.375, 7, 13.4375 ], "texture": "#texture" },
				"east": { "uv": [ 3.4375, 8.8125, 3.375, 8.875 ], "texture": "#texture" }
			}
		},
		{
			"__comment": "Voxels",
			"from": [ 11, 6.75, 1.75 ],
			"to": [ 13, 7.5, 2 ],
			"faces": {
				"down": { "uv": [ 4.0625, 5.8125, 4.5625, 5.875 ], "texture": "#texture" },
				"up": { "uv": [ 4.0625, 5.8125, 4.5625, 5.75 ], "texture": "#texture" },
				"north": { "uv": [ 3.125, 0, 2.625, 0.1875 ], "texture": "#texture" },
				"south": { "uv": [ 11.25, 14.5, 11.75, 14.6875 ], "texture": "#texture" },
				"west": { "uv": [ 4.625, 4.875, 4.6875, 5.0625 ], "texture": "#texture" },
				"east": { "uv": [ 4.6875, 4.6875, 4.625, 4.875 ], "texture": "#texture" }
			}
		},
		{
			"__comment": "Voxels",
			"from": [ 11, 7.5, 2 ],
			"to": [ 14, 7.75, 3 ],
			"faces": {
				"down": { "uv": [ 12.5625, 11.9375, 13.3125, 12.1875 ], "texture": "#texture" },
				"up": { "uv": [ 13.3125, 12.1875, 14.0625, 11.9375 ], "texture": "#texture" },
				"north": { "uv": [ 14.375, 11, 13.625, 11.0625 ], "texture": "#texture" },
				"south": { "uv": [ 12.125, 11, 12.875, 11.0625 ], "texture": "#texture" },
				"west": { "uv": [ 4.6875, 10.75, 4.9375, 10.8125 ], "texture": "#texture" },
				"east": { "uv": [ 4.9375, 10.6875, 4.6875, 10.75 ], "texture": "#texture" }
			}
		},
		{
			"__comment": "Voxels",
			"from": [ 11, 7.5, 3 ],
			"to": [ 12, 7.75, 4 ],
			"faces": {
				"down": { "uv": [ 15.5625, 11.9375, 15.8125, 12.1875 ], "texture": "#texture" },
				"up": { "uv": [ 3.25, 5.8125, 3.5, 5.5625 ], "texture": "#texture" },
				"north": { "uv": [ 4.9375, 10.625, 4.6875, 10.6875 ], "texture": "#texture" },
				"south": { "uv": [ 4.6875, 10.5625, 4.9375, 10.625 ], "texture": "#texture" },
				"west": { "uv": [ 4.6875, 10.5, 4.9375, 10.5625 ], "texture": "#texture" },
				"east": { "uv": [ 4.9375, 10.4375, 4.6875, 10.5 ], "texture": "#texture" }
			}
		},
		{
			"__comment": "Voxels",
			"from": [ 11, 8.25, 5 ],
			"to": [ 12, 8.75, 13 ],
			"faces": {
				"down": { "uv": [ 2.0625, 4.3125, 2.3125, 6.3125 ], "texture": "#texture" },
				"up": { "uv": [ 2.0625, 4.0625, 2.3125, 2.0625 ], "texture": "#texture" },
				"north": { "uv": [ 4.3125, 5.625, 4.0625, 5.75 ], "texture": "#texture" },
				"south": { "uv": [ 4.3125, 5.625, 4.5625, 5.75 ], "texture": "#texture" },
				"west": { "uv": [ 7.25, 12.375, 9.25, 12.5 ], "texture": "#texture" },
				"east": { "uv": [ 9.25, 12.5, 7.25, 12.625 ], "texture": "#texture" }
			}
		},
		{
			"__comment": "Voxels",
			"from": [ 11, 8.75, 5 ],
			"to": [ 11.25, 9.5, 13 ],
			"faces": {
				"down": { "uv": [ 2.3125, 0.0625, 2.375, 2.0625 ], "texture": "#texture" },
				"up": { "uv": [ 2.3125, 4.0625, 2.375, 2.0625 ], "texture": "#texture" },
				"north": { "uv": [ 4.6875, 3.75, 4.625, 3.9375 ], "texture": "#texture" },
				"south": { "uv": [ 4.625, 3.5625, 4.6875, 3.75 ], "texture": "#texture" },
				"west": { "uv": [ 4.375, 12.8125, 6.375, 13 ], "texture": "#texture" },
				"east": { "uv": [ 15.125, 13.1875, 13.125, 13.375 ], "texture": "#texture" }
			}
		},
		{
			"__comment": "Voxels",
			"from": [ 11.75, 7.75, 3 ],
			"to": [ 12, 9.5, 4.75 ],
			"faces": {
				"down": { "uv": [ 4.375, 0.625, 4.4375, 1.0625 ], "texture": "#texture" },
				"up": { "uv": [ 4.4375, 1.0625, 4.5, 0.625 ], "texture": "#texture" },
				"north": { "uv": [ 4.125, 0.0625, 4.0625, 0.5 ], "texture": "#texture" },
				"south": { "uv": [ 4.125, 0.0625, 4.1875, 0.5 ], "texture": "#texture" },
				"west": { "uv": [ 3.125, 11.8125, 3.5625, 12.25 ], "texture": "#texture" },
				"east": { "uv": [ 3.0625, 0.625, 2.625, 1.0625 ], "texture": "#texture" }
			}
		},
		{
			"__comment": "Voxels",
			"from": [ 11.75, 8.5, 4.75 ],
			"to": [ 12, 9.5, 5 ],
			"faces": {
				"down": { "uv": [ 3.4375, 8.8125, 3.5, 8.875 ], "texture": "#texture" },
				"up": { "uv": [ 3.5, 8.875, 3.5625, 8.8125 ], "texture": "#texture" },
				"north": { "uv": [ 4.6875, 9.1875, 4.625, 9.4375 ], "texture": "#texture" },
				"south": { "uv": [ 4.625, 8.9375, 4.6875, 9.1875 ], "texture": "#texture" },
				"west": { "uv": [ 4.625, 8.6875, 4.6875, 8.9375 ], "texture": "#texture" },
				"east": { "uv": [ 4.6875, 8.4375, 4.625, 8.6875 ], "texture": "#texture" }
			}
		},
		{
			"__comment": "Voxels",
			"from": [ 11.75, 8.75, 5 ],
			"to": [ 12, 9.5, 12 ],
			"faces": {
				"down": { "uv": [ 3.125, 5.1875, 3.1875, 6.9375 ], "texture": "#texture" },
				"up": { "uv": [ 3.125, 4.6875, 3.1875, 2.9375 ], "texture": "#texture" },
				"north": { "uv": [ 4.6875, 2.625, 4.625, 2.8125 ], "texture": "#texture" },
				"south": { "uv": [ 4.625, 2.4375, 4.6875, 2.625 ], "texture": "#texture" },
				"west": { "uv": [ 6.375, 12.8125, 8.125, 13 ], "texture": "#texture" },
				"east": { "uv": [ 8.125, 13, 6.375, 13.1875 ], "texture": "#texture" }
			}
		},
		{
			"__comment": "Voxels",
			"from": [ 11.75, 8.75, 13 ],
			"to": [ 12, 9.5, 13.75 ],
			"faces": {
				"down": { "uv": [ 4.625, 2.25, 4.6875, 2.4375 ], "texture": "#texture" },
				"up": { "uv": [ 4.625, 2.25, 4.6875, 2.0625 ], "texture": "#texture" },
				"north": { "uv": [ 4.6875, 1.875, 4.625, 2.0625 ], "texture": "#texture" },
				"south": { "uv": [ 4.625, 5.25, 4.6875, 5.4375 ], "texture": "#texture" },
				"west": { "uv": [ 0.5625, 6.3125, 0.75, 6.5 ], "texture": "#texture" },
				"east": { "uv": [ 3.5625, 0.25, 3.375, 0.4375 ], "texture": "#texture" }
			}
		},
		{
			"__comment": "Voxels",
			"from": [ 12, 6.5, 5 ],
			"to": [ 13, 6.75, 12 ],
			"faces": {
				"down": { "uv": [ 2.375, 7.875, 2.625, 9.625 ], "texture": "#texture" },
				"up": { "uv": [ 2.375, 7.875, 2.625, 6.125 ], "texture": "#texture" },
				"north": { "uv": [ 4.9375, 9, 4.6875, 9.0625 ], "texture": "#texture" },
				"south": { "uv": [ 4.6875, 8.9375, 4.9375, 9 ], "texture": "#texture" },
				"west": { "uv": [ 14.1875, 11.3125, 15.9375, 11.375 ], "texture": "#texture" },
				"east": { "uv": [ 15.9375, 11.375, 14.1875, 11.4375 ], "texture": "#texture" }
			}
		},
		{
			"__comment": "Voxels",
			"from": [ 12, 6.5, 13 ],
			"to": [ 16.25, 6.75, 14 ],
			"faces": {
				"down": { "uv": [ 5, 12.25, 6.0625, 12.5 ], "texture": "#texture" },
				"up": { "uv": [ 14, 13, 15.0625, 12.75 ], "texture": "#texture" },
				"north": { "uv": [ 14.125, 11.1875, 13.0625, 11.25 ], "texture": "#texture" },
				"south": { "uv": [ 12, 11.1875, 13.0625, 11.25 ], "texture": "#texture" },
				"west": { "uv": [ 4.6875, 8.75, 4.9375, 8.8125 ], "texture": "#texture" },
				"east": { "uv": [ 4.9375, 8.6875, 4.6875, 8.75 ], "texture": "#texture" }
			}
		},
		{
			"__comment": "Voxels",
			"from": [ 12, 6.75, 15 ],
			"to": [ 14, 7.5, 15.25 ],
			"faces": {
				"down": { "uv": [ 4.0625, 5.5625, 4.5625, 5.625 ], "texture": "#texture" },
				"up": { "uv": [ 4.0625, 5.5625, 4.5625, 5.5 ], "texture": "#texture" },
				"north": { "uv": [ 4.0625, 1.6875, 3.5625, 1.875 ], "texture": "#texture" },
				"south": { "uv": [ 3.5625, 1.875, 4.0625, 2.0625 ], "texture": "#texture" },
				"west": { "uv": [ 4.875, 4.5, 4.9375, 4.6875 ], "texture": "#texture" },
				"east": { "uv": [ 4.8125, 6.1875, 4.75, 6.375 ], "texture": "#texture" }
			}
		},
		{
			"__comment": "Voxels",
			"from": [ 12, 6.75, 15.25 ],
			"to": [ 12.25, 7.5, 16 ],
			"faces": {
				"down": { "uv": [ 4.75, 4.875, 4.8125, 5.0625 ], "texture": "#texture" },
				"up": { "uv": [ 4.875, 5.4375, 4.9375, 5.25 ], "texture": "#texture" },
				"north": { "uv": [ 4.75, 5.4375, 4.6875, 5.625 ], "texture": "#texture" },
				"south": { "uv": [ 4.8125, 3.75, 4.875, 3.9375 ], "texture": "#texture" },
				"west": { "uv": [ 0.5625, 3.625, 0.75, 3.8125 ], "texture": "#texture" },
				"east": { "uv": [ 3.5625, 0, 3.375, 0.1875 ], "texture": "#texture" }
			}
		},
		{
			"__comment": "Voxels",
			"from": [ 12, 7.5, 14 ],
			"to": [ 14, 9.5, 14.25 ],
			"faces": {
				"down": { "uv": [ 4.0625, 5.4375, 4.5625, 5.5 ], "texture": "#texture" },
				"up": { "uv": [ 4.0625, 5.4375, 4.5625, 5.375 ], "texture": "#texture" },
				"north": { "uv": [ 3.125, 5.5, 2.625, 6 ], "texture": "#texture" },
				"south": { "uv": [ 2.625, 5, 3.125, 5.5 ], "texture": "#texture" },
				"west": { "uv": [ 4.5625, 8.4375, 4.625, 8.9375 ], "texture": "#texture" },
				"east": { "uv": [ 4.125, 4.875, 4.0625, 5.375 ], "texture": "#texture" }
			}
		},
		{
			"__comment": "Voxels",
			"from": [ 12, 7.5, 14.25 ],
			"to": [ 14, 7.75, 15 ],
			"faces": {
				"down": { "uv": [ 3.5625, 2.0625, 4.0625, 2.25 ], "texture": "#texture" },
				"up": { "uv": [ 3.5625, 2.4375, 4.0625, 2.25 ], "texture": "#texture" },
				"north": { "uv": [ 4.625, 5.3125, 4.125, 5.375 ], "texture": "#texture" },
				"south": { "uv": [ 4.125, 5.25, 4.625, 5.3125 ], "texture": "#texture" },
				"west": { "uv": [ 3.375, 11.3125, 3.5625, 11.375 ], "texture": "#texture" },
				"east": { "uv": [ 12.5, 12.75, 12.3125, 12.8125 ], "texture": "#texture" }
			}
		},
		{
			"__comment": "Voxels",
			"from": [ 12, 7.75, 2.75 ],
			"to": [ 14, 8.5, 3 ],
			"faces": {
				"down": { "uv": [ 4.125, 5.1875, 4.625, 5.25 ], "texture": "#texture" },
				"up": { "uv": [ 4.125, 5.1875, 4.625, 5.125 ], "texture": "#texture" },
				"north": { "uv": [ 4.0625, 2.4375, 3.5625, 2.625 ], "texture": "#texture" },
				"south": { "uv": [ 3.5625, 3, 4.0625, 3.1875 ], "texture": "#texture" },
				"west": { "uv": [ 4.75, 4.6875, 4.8125, 4.875 ], "texture": "#texture" },
				"east": { "uv": [ 4.875, 5.8125, 4.8125, 6 ], "texture": "#texture" }
			}
		},
		{
			"__comment": "Voxels",
			"from": [ 12, 7.75, 14.25 ],
			"to": [ 12.25, 9.5, 15 ],
			"faces": {
				"down": { "uv": [ 4.75, 5.8125, 4.8125, 6 ], "texture": "#texture" },
				"up": { "uv": [ 4.75, 6.5625, 4.8125, 6.375 ], "texture": "#texture" },
				"north": { "uv": [ 4.25, 0.625, 4.1875, 1.0625 ], "texture": "#texture" },
				"south": { "uv": [ 4.3125, 0.625, 4.375, 1.0625 ], "texture": "#texture" },
				"west": { "uv": [ 3.375, 10.375, 3.5625, 10.8125 ], "texture": "#texture" },
				"east": { "uv": [ 3.5625, 9.875, 3.375, 10.3125 ], "texture": "#texture" }
			}
		},
		{
			"__comment": "Voxels",
			"from": [ 12, 8.25, 12 ],
			"to": [ 14, 8.75, 13 ],
			"faces": {
				"down": { "uv": [ 3.5625, 11.0625, 4.0625, 11.3125 ], "texture": "#texture" },
				"up": { "uv": [ 3.5625, 6.8125, 4.0625, 6.5625 ], "texture": "#texture" },
				"north": { "uv": [ 4.0625, 0.0625, 3.5625, 0.1875 ], "texture": "#texture" },
				"south": { "uv": [ 4.0625, 10.75, 4.5625, 10.875 ], "texture": "#texture" },
				"west": { "uv": [ 4.125, 5, 4.375, 5.125 ], "texture": "#texture" },
				"east": { "uv": [ 4.375, 4.875, 4.125, 5 ], "texture": "#texture" }
			}
		},
		{
			"__comment": "Voxels",
			"from": [ 12, 8.5, 2.75 ],
			"to": [ 13, 9.5, 3 ],
			"faces": {
				"down": { "uv": [ 4.6875, 8, 4.9375, 8.0625 ], "texture": "#texture" },
				"up": { "uv": [ 4.6875, 8, 4.9375, 7.9375 ], "texture": "#texture" },
				"north": { "uv": [ 2.3125, 4.0625, 2.0625, 4.3125 ], "texture": "#texture" },
				"south": { "uv": [ 3.25, 5.3125, 3.5, 5.5625 ], "texture": "#texture" },
				"west": { "uv": [ 4.625, 6.9375, 4.6875, 7.1875 ], "texture": "#texture" },
				"east": { "uv": [ 4.6875, 7.6875, 4.625, 7.9375 ], "texture": "#texture" }
			}
		},
		{
			"__comment": "Voxels",
			"from": [ 12, 8.5, 13 ],
			"to": [ 15, 8.75, 13.25 ],
			"faces": {
				"down": { "uv": [ 15, 11.625, 15.75, 11.6875 ], "texture": "#texture" },
				"up": { "uv": [ 10.25, 11.125, 11, 11.0625 ], "texture": "#texture" },
				"north": { "uv": [ 11.75, 11.0625, 11, 11.125 ], "texture": "#texture" },
				"south": { "uv": [ 11.75, 11.0625, 12.5, 11.125 ], "texture": "#texture" },
				"west": { "uv": [ 3.4375, 7.375, 3.5, 7.4375 ], "texture": "#texture" },
				"east": { "uv": [ 3.4375, 7.375, 3.375, 7.4375 ], "texture": "#texture" }
			}
		},
		{
			"__comment": "Voxels",
			"from": [ 12, 8.75, 12 ],
			"to": [ 13, 9.5, 12.25 ],
			"faces": {
				"down": { "uv": [ 4.6875, 7.6875, 4.9375, 7.75 ], "texture": "#texture" },
				"up": { "uv": [ 4.6875, 7.6875, 4.9375, 7.625 ], "texture": "#texture" },
				"north": { "uv": [ 4.5625, 9.25, 4.3125, 9.4375 ], "texture": "#texture" },
				"south": { "uv": [ 4.0625, 9.8125, 4.3125, 10 ], "texture": "#texture" },
				"west": { "uv": [ 4.6875, 4.125, 4.75, 4.3125 ], "texture": "#texture" },
				"east": { "uv": [ 4.75, 3.75, 4.6875, 3.9375 ], "texture": "#texture" }
			}
		},
		{
			"__comment": "Voxels",
			"from": [ 12, 8.75, 12.75 ],
			"to": [ 14, 9.5, 13 ],
			"faces": {
				"down": { "uv": [ 4.0625, 4.8125, 4.5625, 4.875 ], "texture": "#texture" },
				"up": { "uv": [ 4.0625, 4.8125, 4.5625, 4.75 ], "texture": "#texture" },
				"north": { "uv": [ 4.0625, 3.75, 3.5625, 3.9375 ], "texture": "#texture" },
				"south": { "uv": [ 3.5625, 3.9375, 4.0625, 4.125 ], "texture": "#texture" },
				"west": { "uv": [ 4.6875, 5.0625, 4.75, 5.25 ], "texture": "#texture" },
				"east": { "uv": [ 4.8125, 5.0625, 4.75, 5.25 ], "texture": "#texture" }
			}
		},
		{
			"__comment": "Voxels",
			"from": [ 12, 9.5, 3 ],
			"to": [ 13, 9.75, 12 ],
			"faces": {
				"down": { "uv": [ 1.8125, 4.0625, 2.0625, 6.3125 ], "texture": "#texture" },
				"up": { "uv": [ 2.0625, 8.5625, 2.3125, 6.3125 ], "texture": "#texture" },
				"north": { "uv": [ 4.9375, 7.375, 4.6875, 7.4375 ], "texture": "#texture" },
				"south": { "uv": [ 4.6875, 7.3125, 4.9375, 7.375 ], "texture": "#texture" },
				"west": { "uv": [ 6.3125, 11.5625, 8.5625, 11.625 ], "texture": "#texture" },
				"east": { "uv": [ 10.8125, 11.5625, 8.5625, 11.625 ], "texture": "#texture" }
			}
		},
		{
			"__comment": "Voxels",
			"from": [ 12, 9.5, 13 ],
			"to": [ 14, 9.75, 14 ],
			"faces": {
				"down": { "uv": [ 3.5625, 9.5625, 4.0625, 9.8125 ], "texture": "#texture" },
				"up": { "uv": [ 3.5625, 9.5625, 4.0625, 9.3125 ], "texture": "#texture" },
				"north": { "uv": [ 4.5625, 4.6875, 4.0625, 4.75 ], "texture": "#texture" },
				"south": { "uv": [ 4.0625, 4.625, 4.5625, 4.6875 ], "texture": "#texture" },
				"west": { "uv": [ 4.6875, 7.125, 4.9375, 7.1875 ], "texture": "#texture" },
				"east": { "uv": [ 4.9375, 7.0625, 4.6875, 7.125 ], "texture": "#texture" }
			}
		},
		{
			"__comment": "Voxels",
			"from": [ 12.75, 6.5, 0 ],
			"to": [ 16.25, 6.75, 1.75 ],
			"faces": {
				"down": { "uv": [ 2.625, 12.75, 3.5, 13.1875 ], "texture": "#texture" },
				"up": { "uv": [ 3.5, 13.1875, 4.375, 12.75 ], "texture": "#texture" },
				"north": { "uv": [ 5.5, 11.0625, 4.625, 11.125 ], "texture": "#texture" },
				"south": { "uv": [ 6.375, 11.0625, 7.25, 11.125 ], "texture": "#texture" },
				"west": { "uv": [ 4.0625, 1.9375, 4.5, 2 ], "texture": "#texture" },
				"east": { "uv": [ 15.6875, 12.25, 15.25, 12.3125 ], "texture": "#texture" }
			}
		},
		{
			"__comment": "Voxels",
			"from": [ 12.75, 6.75, 0 ],
			"to": [ 13, 7.5, 1.75 ],
			"faces": {
				"down": { "uv": [ 15.9375, 12.75, 16, 13.1875 ], "texture": "#texture" },
				"up": { "uv": [ 4.125, 1.0625, 4.1875, 0.625 ], "texture": "#texture" },
				"north": { "uv": [ 4.875, 6.375, 4.8125, 6.5625 ], "texture": "#texture" },
				"south": { "uv": [ 4.875, 6.375, 4.9375, 6.5625 ], "texture": "#texture" },
				"west": { "uv": [ 3.125, 1.9375, 3.5625, 2.125 ], "texture": "#texture" },
				"east": { "uv": [ 3.5625, 1.75, 3.125, 1.9375 ], "texture": "#texture" }
			}
		},
		{
			"__comment": "Voxels",
			"from": [ 13, 6.25, 0 ],
			"to": [ 16, 6.5, 2 ],
			"faces": {
				"down": { "uv": [ 0, 0, 0.75, 0.5 ], "texture": "#texture" },
				"up": { "uv": [ 3.125, 12.75, 3.875, 12.25 ], "texture": "#texture" },
				"north": { "uv": [ 15.125, 11, 14.375, 11.0625 ], "texture": "#texture" },
				"south": { "uv": [ 10.625, 11, 11.375, 11.0625 ], "texture": "#texture" },
				"west": { "uv": [ 4.0625, 4.0625, 4.5625, 4.125 ], "texture": "#texture" },
				"east": { "uv": [ 4.5625, 4, 4.0625, 4.0625 ], "texture": "#texture" }
			}
		},
		{
			"__comment": "Voxels",
			"from": [ 13, 6.5, -0.25 ],
			"to": [ 16, 7.5, 0 ],
			"faces": {
				"down": { "uv": [ 12.875, 11, 13.625, 11.0625 ], "texture": "#texture" },
				"up": { "uv": [ 11.375, 11.0625, 12.125, 11 ], "texture": "#texture" },
				"north": { "uv": [ 14.8125, 11.9375, 14.0625, 12.1875 ], "texture": "#texture" },
				"south": { "uv": [ 6.0625, 12.25, 6.8125, 12.5 ], "texture": "#texture" },
				"west": { "uv": [ 4.625, 6.4375, 4.6875, 6.6875 ], "texture": "#texture" },
				"east": { "uv": [ 4.6875, 6.1875, 4.625, 6.4375 ], "texture": "#texture" }
			}
		},
		{
			"__comment": "Voxels",
			"from": [ 13, 7.5, 0 ],
			"to": [ 16, 7.75, 1 ],
			"faces": {
				"down": { "uv": [ 8.5625, 11.625, 9.3125, 11.875 ], "texture": "#texture" },
				"up": { "uv": [ 7.8125, 11.875, 8.5625, 11.625 ], "texture": "#texture" },
				"north": { "uv": [ 10.25, 11.0625, 9.5, 11.125 ], "texture": "#texture" },
				"south": { "uv": [ 5.375, 11, 6.125, 11.0625 ], "texture": "#texture" },
				"west": { "uv": [ 7.8125, 10.9375, 8.0625, 11 ], "texture": "#texture" },
				"east": { "uv": [ 8.3125, 10.9375, 8.0625, 11 ], "texture": "#texture" }
			}
		},
		{
			"__comment": "Voxels",
			"from": [ 13, 7.5, 1 ],
			"to": [ 14, 7.75, 2 ],
			"faces": {
				"down": { "uv": [ 14.5, 12.25, 14.75, 12.5 ], "texture": "#texture" },
				"up": { "uv": [ 3.25, 6.0625, 3.5, 5.8125 ], "texture": "#texture" },
				"north": { "uv": [ 9.3125, 10.9375, 9.0625, 11 ], "texture": "#texture" },
				"south": { "uv": [ 9.8125, 10.9375, 10.0625, 11 ], "texture": "#texture" },
				"west": { "uv": [ 10.0625, 10.9375, 10.3125, 11 ], "texture": "#texture" },
				"east": { "uv": [ 10.5625, 10.9375, 10.3125, 11 ], "texture": "#texture" }
			}
		},
		{
			"__comment": "Voxels",
			"from": [ 13, 8.25, 3 ],
			"to": [ 14, 8.75, 12 ],
			"faces": {
				"down": { "uv": [ 1.8125, 6.3125, 2.0625, 8.5625 ], "texture": "#texture" },
				"up": { "uv": [ 2.0625, 10.8125, 2.3125, 8.5625 ], "texture": "#texture" },
				"north": { "uv": [ 4.625, 4.875, 4.375, 5 ], "texture": "#texture" },
				"south": { "uv": [ 4.1875, 4.5, 4.4375, 4.625 ], "texture": "#texture" },
				"west": { "uv": [ 5, 12.5, 7.25, 12.625 ], "texture": "#texture" },
				"east": { "uv": [ 7.25, 12.625, 5, 12.75 ], "texture": "#texture" }
			}
		},
		{
			"__comment": "Voxels",
			"from": [ 13, 8.75, 3 ],
			"to": [ 13.25, 9.5, 12 ],
			"faces": {
				"down": { "uv": [ 2.3125, 11.0625, 2.375, 13.3125 ], "texture": "#texture" },
				"up": { "uv": [ 0.6875, 6.25, 0.75, 4 ], "texture": "#texture" },
				"north": { "uv": [ 4.6875, 1.125, 4.625, 1.3125 ], "texture": "#texture" },
				"south": { "uv": [ 4.625, 0.9375, 4.6875, 1.125 ], "texture": "#texture" },
				"west": { "uv": [ 13.5, 13.75, 15.75, 13.9375 ], "texture": "#texture" },
				"east": { "uv": [ 15.75, 13.5625, 13.5, 13.75 ], "texture": "#texture" }
			}
		},
		{
			"__comment": "Voxels",
			"from": [ 13.75, 7.75, 1 ],
			"to": [ 14, 9.5, 2.75 ],
			"faces": {
				"down": { "uv": [ 4.0625, 1.5, 4.125, 1.9375 ], "texture": "#texture" },
				"up": { "uv": [ 3.5, 6.5, 3.5625, 6.0625 ], "texture": "#texture" },
				"north": { "uv": [ 3.125, 0.1875, 3.0625, 0.625 ], "texture": "#texture" },
				"south": { "uv": [ 4.375, 1.0625, 4.4375, 1.5 ], "texture": "#texture" },
				"west": { "uv": [ 15.25, 12.3125, 15.6875, 12.75 ], "texture": "#texture" },
				"east": { "uv": [ 3.0625, 0.1875, 2.625, 0.625 ], "texture": "#texture" }
			}
		},
		{
			"__comment": "Voxels",
			"from": [ 13.75, 8.5, 2.75 ],
			"to": [ 14, 9.5, 3 ],
			"faces": {
				"down": { "uv": [ 3.5, 8.3125, 3.5625, 8.375 ], "texture": "#texture" },
				"up": { "uv": [ 3.375, 7.875, 3.4375, 7.8125 ], "texture": "#texture" },
				"north": { "uv": [ 3.5625, 5.5625, 3.5, 5.8125 ], "texture": "#texture" },
				"south": { "uv": [ 3.5, 5.3125, 3.5625, 5.5625 ], "texture": "#texture" },
				"west": { "uv": [ 3.1875, 2.9375, 3.25, 3.1875 ], "texture": "#texture" },
				"east": { "uv": [ 3.5625, 2.9375, 3.5, 3.1875 ], "texture": "#texture" }
			}
		},
		{
			"__comment": "Voxels",
			"from": [ 13.75, 8.75, 3 ],
			"to": [ 14, 9.5, 12.75 ],
			"faces": {
				"down": { "uv": [ 0.6875, 6.5625, 0.75, 9 ], "texture": "#texture" },
				"up": { "uv": [ 0.5625, 6.25, 0.625, 3.8125 ], "texture": "#texture" },
				"north": { "uv": [ 4.9375, 6.1875, 4.875, 6.375 ], "texture": "#texture" },
				"south": { "uv": [ 4.6875, 6, 4.75, 6.1875 ], "texture": "#texture" },
				"west": { "uv": [ 11.5, 14.125, 13.9375, 14.3125 ], "texture": "#texture" },
				"east": { "uv": [ 15.9375, 13.9375, 13.5, 14.125 ], "texture": "#texture" }
			}
		},
		{
			"__comment": "Voxels",
			"from": [ 14, 6.5, 3 ],
			"to": [ 16.25, 6.75, 13 ],
			"faces": {
				"down": { "uv": [ 1.25, 12, 1.8125, 14.5 ], "texture": "#texture" },
				"up": { "uv": [ 1.25, 12, 1.8125, 9.5 ], "texture": "#texture" },
				"north": { "uv": [ 4.625, 7.9375, 4.0625, 8 ], "texture": "#texture" },
				"south": { "uv": [ 4.0625, 7.875, 4.625, 7.9375 ], "texture": "#texture" },
				"west": { "uv": [ 10.25, 11.6875, 12.75, 11.75 ], "texture": "#texture" },
				"east": { "uv": [ 12.75, 11.8125, 10.25, 11.875 ], "texture": "#texture" }
			}
		},
		{
			"__comment": "Voxels",
			"from": [ 14, 6.75, 14 ],
			"to": [ 16, 7.5, 14.25 ],
			"faces": {
				"down": { "uv": [ 4.0625, 3.25, 4.5625, 3.3125 ], "texture": "#texture" },
				"up": { "uv": [ 4.0625, 3.25, 4.5625, 3.1875 ], "texture": "#texture" },
				"north": { "uv": [ 4.0625, 2.8125, 3.5625, 3 ], "texture": "#texture" },
				"south": { "uv": [ 3.5625, 2.625, 4.0625, 2.8125 ], "texture": "#texture" },
				"west": { "uv": [ 4.75, 5.4375, 4.8125, 5.625 ], "texture": "#texture" },
				"east": { "uv": [ 4.875, 5.4375, 4.8125, 5.625 ], "texture": "#texture" }
			}
		},
		{
			"__comment": "Voxels",
			"from": [ 14, 6.75, 14.25 ],
			"to": [ 14.25, 7.5, 15 ],
			"faces": {
				"down": { "uv": [ 4.875, 5.4375, 4.9375, 5.625 ], "texture": "#texture" },
				"up": { "uv": [ 4.6875, 5.4375, 4.75, 5.25 ], "texture": "#texture" },
				"north": { "uv": [ 4.8125, 5.25, 4.75, 5.4375 ], "texture": "#texture" },
				"south": { "uv": [ 4.8125, 5.25, 4.875, 5.4375 ], "texture": "#texture" },
				"west": { "uv": [ 8.0625, 13.4375, 8.25, 13.625 ], "texture": "#texture" },
				"east": { "uv": [ 9.5, 13.4375, 9.3125, 13.625 ], "texture": "#texture" }
			}
		},
		{
			"__comment": "Voxels",
			"from": [ 14, 7.5, 13 ],
			"to": [ 16, 7.75, 14 ],
			"faces": {
				"down": { "uv": [ 3.5625, 7.0625, 4.0625, 7.3125 ], "texture": "#texture" },
				"up": { "uv": [ 3.5625, 7.0625, 4.0625, 6.8125 ], "texture": "#texture" },
				"north": { "uv": [ 4.5625, 2.75, 4.0625, 2.8125 ], "texture": "#texture" },
				"south": { "uv": [ 4.0625, 2.6875, 4.5625, 2.75 ], "texture": "#texture" },
				"west": { "uv": [ 14.8125, 10.9375, 15.0625, 11 ], "texture": "#texture" },
				"east": { "uv": [ 15.3125, 10.9375, 15.0625, 11 ], "texture": "#texture" }
			}
		},
		{
			"__comment": "Voxels",
			"from": [ 14, 7.75, 0.75 ],
			"to": [ 15, 9.5, 1 ],
			"faces": {
				"down": { "uv": [ 15.3125, 10.9375, 15.5625, 11 ], "texture": "#texture" },
				"up": { "uv": [ 15.5625, 11, 15.8125, 10.9375 ], "texture": "#texture" },
				"north": { "uv": [ 3.5, 6.5, 3.25, 6.9375 ], "texture": "#texture" },
				"south": { "uv": [ 3.25, 6.0625, 3.5, 6.5 ], "texture": "#texture" },
				"west": { "uv": [ 4.1875, 0.0625, 4.25, 0.5 ], "texture": "#texture" },
				"east": { "uv": [ 4.1875, 1.0625, 4.125, 1.5 ], "texture": "#texture" }
			}
		},
		{
			"__comment": "Voxels",
			"from": [ 14, 7.75, 13 ],
			"to": [ 15, 8.5, 13.25 ],
			"faces": {
				"down": { "uv": [ 4.6875, 10.375, 4.9375, 10.4375 ], "texture": "#texture" },
				"up": { "uv": [ 4.6875, 10.375, 4.9375, 10.3125 ], "texture": "#texture" },
				"north": { "uv": [ 4.5625, 9.0625, 4.3125, 9.25 ], "texture": "#texture" },
				"south": { "uv": [ 15.75, 13.75, 16, 13.9375 ], "texture": "#texture" },
				"west": { "uv": [ 4.875, 4.6875, 4.9375, 4.875 ], "texture": "#texture" },
				"east": { "uv": [ 4.75, 4.5, 4.6875, 4.6875 ], "texture": "#texture" }
			}
		},
		{
			"__comment": "Voxels",
			"from": [ 14, 7.75, 13.25 ],
			"to": [ 14.25, 9.5, 14 ],
			"faces": {
				"down": { "uv": [ 4.75, 4.5, 4.8125, 4.6875 ], "texture": "#texture" },
				"up": { "uv": [ 4.8125, 4.6875, 4.875, 4.5 ], "texture": "#texture" },
				"north": { "uv": [ 4.3125, 0.625, 4.25, 1.0625 ], "texture": "#texture" },
				"south": { "uv": [ 4.4375, 1.0625, 4.5, 1.5 ], "texture": "#texture" },
				"west": { "uv": [ 3.375, 8.875, 3.5625, 9.3125 ], "texture": "#texture" },
				"east": { "uv": [ 3.5625, 9.375, 3.375, 9.8125 ], "texture": "#texture" }
			}
		},
		{
			"__comment": "Voxels",
			"from": [ 14, 8.75, 13 ],
			"to": [ 15, 9.5, 13.25 ],
			"faces": {
				"down": { "uv": [ 4.6875, 10.25, 4.9375, 10.3125 ], "texture": "#texture" },
				"up": { "uv": [ 4.6875, 10.125, 4.9375, 10.0625 ], "texture": "#texture" },
				"north": { "uv": [ 4.5625, 10.1875, 4.3125, 10.375 ], "texture": "#texture" },
				"south": { "uv": [ 4.0625, 10, 4.3125, 10.1875 ], "texture": "#texture" },
				"west": { "uv": [ 4.875, 4.125, 4.9375, 4.3125 ], "texture": "#texture" },
				"east": { "uv": [ 4.75, 3.9375, 4.6875, 4.125 ], "texture": "#texture" }
			}
		},
		{
			"__comment": "Voxels",
			"from": [ 14, 9.5, 1 ],
			"to": [ 15, 9.75, 13 ],
			"faces": {
				"down": { "uv": [ 1, 0.25, 1.25, 3.25 ], "texture": "#texture" },
				"up": { "uv": [ 1.25, 9.5, 1.5, 6.5 ], "texture": "#texture" },
				"north": { "uv": [ 4.9375, 10, 4.6875, 10.0625 ], "texture": "#texture" },
				"south": { "uv": [ 4.6875, 9.9375, 4.9375, 10 ], "texture": "#texture" },
				"west": { "uv": [ 10.0625, 11.875, 13.0625, 11.9375 ], "texture": "#texture" },
				"east": { "uv": [ 7.8125, 11.8125, 4.8125, 11.875 ], "texture": "#texture" }
			}
		},
		{
			"__comment": "Voxels",
			"from": [ 15, 7.5, 1 ],
			"to": [ 16, 7.75, 13 ],
			"faces": {
				"down": { "uv": [ 1.25, 3.5, 1.5, 6.5 ], "texture": "#texture" },
				"up": { "uv": [ 1.5, 9.5, 1.75, 6.5 ], "texture": "#texture" },
				"north": { "uv": [ 4.9375, 9.5625, 4.6875, 9.625 ], "texture": "#texture" },
				"south": { "uv": [ 4.6875, 9.5, 4.9375, 9.5625 ], "texture": "#texture" },
				"west": { "uv": [ 4.8125, 11.75, 7.8125, 11.8125 ], "texture": "#texture" },
				"east": { "uv": [ 7.8125, 11.6875, 4.8125, 11.75 ], "texture": "#texture" }
			}
		},
		{
			"__comment": "Voxels",
			"from": [ 15, 7.75, 1 ],
			"to": [ 15.25, 9.5, 13 ],
			"faces": {
				"down": { "uv": [ 2.9375, 2, 3, 5 ], "texture": "#texture" },
				"up": { "uv": [ 3, 5, 3.0625, 2 ], "texture": "#texture" },
				"north": { "uv": [ 4.125, 1.0625, 4.0625, 1.5 ], "texture": "#texture" },
				"south": { "uv": [ 4.5625, 3.4375, 4.625, 3.875 ], "texture": "#texture" },
				"west": { "uv": [ 8.75, 15.125, 11.75, 15.5625 ], "texture": "#texture" },
				"east": { "uv": [ 11.75, 15.5625, 8.75, 16 ], "texture": "#texture" }
			}
		},
		{
			"__comment": "Voxels",
			"from": [ 16, 6.75, 0 ],
			"to": [ 16.25, 7.5, 14 ],
			"faces": {
				"down": { "uv": [ 2.75, 1.5, 2.8125, 5 ], "texture": "#texture" },
				"up": { "uv": [ 2.8125, 5, 2.875, 1.5 ], "texture": "#texture" },
				"north": { "uv": [ 4.6875, 0.1875, 4.625, 0.375 ], "texture": "#texture" },
				"south": { "uv": [ 4.6875, 6.375, 4.75, 6.5625 ], "texture": "#texture" },
				"west": { "uv": [ 9.375, 14.3125, 12.875, 14.5 ], "texture": "#texture" },
				"east": { "uv": [ 5.875, 14.125, 2.375, 14.3125 ], "texture": "#texture" }
			}
		}
	],
	"display": {
		"thirdperson_righthand": {
			"rotation":  [ -90, 0, -90 ],
			"scale":  [ 0.5, 0.5, 0.5 ]
		},
		"thirdperson_lefthand": {
			"rotation":  [ -90, 0, -90 ],
			"scale":  [ 0.5, 0.5, 0.5 ]
		},
		"firstperson_righthand": {
			"rotation":  [ 75, 180, 0 ],
			"scale":  [ 0.5, 0.5, 0.5 ]
		},
		"firstperson_lefthand": {
			"rotation":  [ 75, 180, 0 ],
			"scale":  [ 0.5, 0.5, 0.5 ]
		},
		"gui": {
			"rotation":  [ 90, 180, 0 ],
			"scale":  [ 0.8, 0.8, 0.8 ]
		},
		"head": {
			"scale":  [ 0.0001, 0.0001, 0.0001 ]
		},
		"ground": {
			"rotation":  [ -90, 0, 0 ],
			"translation":  [ 0, 5, 0 ],
			"scale":  [ 0.5, 0.5, 0.5 ]
		},
		"fixed": {
			"rotation":  [ -90, 0, 0 ]
		}
	}
}