{
	"__comment": "Designed by Ozzy with Cubik Studio - https://cubik.studio",
	"textures": {
		"pokeballlogo": "custom/backpackjohto",
		"pclogo": "custom/pclogo",
		"texture3": "custom/zipper",
		"texture1": "custom/backpackjohto1"
	},
	"elements": [ 	 
		{
			"__comment": "Box1",
			"from": [ 6.5, 14, 7 ],
			"to": [ 9.5, 14.001, 10 ],
			"faces": {
				"down": { "uv": [ 0, 0, 1.5, 1.5 ], "texture": "#pokeballlogo" },
				"up": { "uv": [ 0, 0, 16, 16 ], "texture": "#pokeballlogo" },
				"north": { "uv": [ 0, 0, 2, 0.001000404 ], "texture": "#pokeballlogo" },
				"south": { "uv": [ 0, 0, 1, 1.5 ], "texture": "#pokeballlogo" },
				"west": { "uv": [ 0, 0, 15.5, 1 ], "texture": "#pokeballlogo" },
				"east": { "uv": [ 0, 0, 16, 16 ], "texture": "#pokeballlogo" }
			}
		},
		{
			"__comment": "Box2",
			"from": [ 2, 4, 4 ],
			"to": [ 3, 4.001, 5 ],
			"faces": {
				"down": { "uv": [ 13, 11, 14, 12 ], "texture": "#pclogo" },
				"up": { "uv": [ 0, 0, 16, 16 ], "texture": "#pclogo" },
				"north": { "uv": [ 2, 11.999, 3, 12 ], "texture": "#pclogo" },
				"south": { "uv": [ 13, 11.999, 14, 12 ], "texture": "#pclogo" },
				"west": { "uv": [ 4, 11.999, 5, 12 ], "texture": "#pclogo" },
				"east": { "uv": [ 11, 11.999, 12, 12 ], "texture": "#pclogo" }
			}
		},
		{
			"__comment": "Box3",
			"from": [ 6, 15, 12 ],
			"to": [ 10, 15.001, 13 ],
			"faces": {
				"down": { "uv": [ 6, 3, 10, 4 ], "texture": "#texture3" },
				"up": { "uv": [ 0, 0, 16, 4 ], "texture": "#texture3" },
				"north": { "uv": [ 6, 0.9989996, 10, 1 ], "texture": "#texture3" },
				"south": { "uv": [ 6, 0.9989996, 10, 1 ], "texture": "#texture3" },
				"west": { "uv": [ 12, 0.9989996, 13, 1 ], "texture": "#texture3" },
				"east": { "uv": [ 3, 0.9989996, 4, 1 ], "texture": "#texture3" }
			}
		},
		{
			"__comment": "Voxels",
			"from": [ 1, 9, 10 ],
			"to": [ 15, 11, 14 ],
			"faces": {
				"down": { "uv": [ 6.5, 12.5, 10, 13.5 ], "texture": "#texture1" },
				"up": { "uv": [ 3, 13.5, 6.5, 12.5 ], "texture": "#texture1" },
				"north": { "uv": [ 6.5, 12, 3, 12.5 ], "texture": "#texture1" },
				"south": { "uv": [ 6.5, 12, 10, 12.5 ], "texture": "#texture1" },
				"west": { "uv": [ 3.75, 8.75, 4.75, 9.25 ], "texture": "#texture1" },
				"east": { "uv": [ 4.75, 8.25, 3.75, 8.75 ], "texture": "#texture1" }
			}
		},
		{
			"__comment": "Voxels",
			"from": [ 2, 2, 6 ],
			"to": [ 5, 3, 11 ],
			"faces": {
				"down": { "uv": [ 3, 4.5, 3.75, 5.75 ], "texture": "#texture1" },
				"up": { "uv": [ 3, 9.5, 3.75, 8.25 ], "texture": "#texture1" },
				"north": { "uv": [ 3, 4.5, 2.25, 4.75 ], "texture": "#texture1" },
				"south": { "uv": [ 2.25, 3.5, 3, 3.75 ], "texture": "#texture1" },
				"west": { "uv": [ 3.75, 0.75, 5, 1 ], "texture": "#texture1" },
				"east": { "uv": [ 5, 1, 3.75, 1.25 ], "texture": "#texture1" }
			}
		},
		{
			"__comment": "Voxels",
			"from": [ 2, 3, 4 ],
			"to": [ 5, 4, 6 ],
			"faces": {
				"down": { "uv": [ 2.25, 3, 3, 3.5 ], "texture": "#texture1" },
				"up": { "uv": [ 2.25, 3, 3, 2.5 ], "texture": "#texture1" },
				"north": { "uv": [ 16, 10, 15.25, 10.25 ], "texture": "#texture1" },
				"south": { "uv": [ 15.25, 9.75, 16, 10 ], "texture": "#texture1" },
				"west": { "uv": [ 6.75, 1.5, 7.25, 1.75 ], "texture": "#texture1" },
				"east": { "uv": [ 16, 8.5, 15.5, 8.75 ], "texture": "#texture1" }
			}
		},
		{
			"__comment": "Voxels",
			"from": [ 2, 3, 11 ],
			"to": [ 5, 4, 13 ],
			"faces": {
				"down": { "uv": [ 3, 1.75, 3.75, 2.25 ], "texture": "#texture1" },
				"up": { "uv": [ 3, 1.75, 3.75, 1.25 ], "texture": "#texture1" },
				"north": { "uv": [ 7.25, 4.25, 6.5, 4.5 ], "texture": "#texture1" },
				"south": { "uv": [ 5.25, 1.5, 6, 1.75 ], "texture": "#texture1" },
				"west": { "uv": [ 8.75, 8, 9.25, 8.25 ], "texture": "#texture1" },
				"east": { "uv": [ 9.75, 8, 9.25, 8.25 ], "texture": "#texture1" }
			}
		},
		{
			"__comment": "Voxels",
			"from": [ 2, 4, 3 ],
			"to": [ 5, 5, 4 ],
			"faces": {
				"down": { "uv": [ 6, 1.5, 6.75, 1.75 ], "texture": "#texture1" },
				"up": { "uv": [ 5.5, 1.5, 6.25, 1.25 ], "texture": "#texture1" },
				"north": { "uv": [ 7, 1.25, 6.25, 1.5 ], "texture": "#texture1" },
				"south": { "uv": [ 5.5, 1, 6.25, 1.25 ], "texture": "#texture1" },
				"west": { "uv": [ 15.75, 7.75, 16, 8 ], "texture": "#texture1" },
				"east": { "uv": [ 8, 7.5, 7.75, 7.75 ], "texture": "#texture1" }
			}
		},
		{
			"__comment": "Voxels",
			"from": [ 2, 4, 13 ],
			"to": [ 5, 5, 14 ],
			"faces": {
				"down": { "uv": [ 5.5, 0.5, 6.25, 0.75 ], "texture": "#texture1" },
				"up": { "uv": [ 5.5, 0.5, 6.25, 0.25 ], "texture": "#texture1" },
				"north": { "uv": [ 6.25, 0, 5.5, 0.25 ], "texture": "#texture1" },
				"south": { "uv": [ 6.25, 0.75, 7, 1 ], "texture": "#texture1" },
				"west": { "uv": [ 7.75, 6.75, 8, 7 ], "texture": "#texture1" },
				"east": { "uv": [ 8, 6.5, 7.75, 6.75 ], "texture": "#texture1" }
			}
		},
		{
			"__comment": "Voxels",
			"from": [ 2, 5, 14 ],
			"to": [ 5, 6, 15 ],
			"faces": {
				"down": { "uv": [ 6.5, 0.5, 7.25, 0.75 ], "texture": "#texture1" },
				"up": { "uv": [ 6.5, 0.5, 7.25, 0.25 ], "texture": "#texture1" },
				"north": { "uv": [ 7.25, 0, 6.5, 0.25 ], "texture": "#texture1" },
				"south": { "uv": [ 7.25, 8.5, 8, 8.75 ], "texture": "#texture1" },
				"west": { "uv": [ 7.75, 6, 8, 6.25 ], "texture": "#texture1" },
				"east": { "uv": [ 8, 5.75, 7.75, 6 ], "texture": "#texture1" }
			}
		},
		{
			"__comment": "Voxels",
			"from": [ 2, 6, 2 ],
			"to": [ 5, 9, 3 ],
			"faces": {
				"down": { "uv": [ 15.25, 9.5, 16, 9.75 ], "texture": "#texture1" },
				"up": { "uv": [ 15.25, 9.5, 16, 9.25 ], "texture": "#texture1" },
				"north": { "uv": [ 3, 4.75, 2.25, 5.5 ], "texture": "#texture1" },
				"south": { "uv": [ 2.25, 3.75, 3, 4.5 ], "texture": "#texture1" },
				"west": { "uv": [ 15.75, 11.25, 16, 12 ], "texture": "#texture1" },
				"east": { "uv": [ 5.5, 0.75, 5.25, 1.5 ], "texture": "#texture1" }
			}
		},
		{
			"__comment": "Voxels",
			"from": [ 2, 6, 15 ],
			"to": [ 5, 11, 16 ],
			"faces": {
				"down": { "uv": [ 6.25, 1, 7, 1.25 ], "texture": "#texture1" },
				"up": { "uv": [ 5.5, 1, 6.25, 0.75 ], "texture": "#texture1" },
				"north": { "uv": [ 3.75, 3.25, 3, 4.5 ], "texture": "#texture1" },
				"south": { "uv": [ 3, 5.75, 3.75, 7 ], "texture": "#texture1" },
				"west": { "uv": [ 4, 1.75, 4.25, 3 ], "texture": "#texture1" },
				"east": { "uv": [ 4.5, 1.75, 4.25, 3 ], "texture": "#texture1" }
			}
		},
		{
			"__comment": "Voxels",
			"from": [ 2, 7, 3 ],
			"to": [ 14, 10, 4 ],
			"faces": {
				"down": { "uv": [ 8.25, 10.25, 11.25, 10.5 ], "texture": "#texture1" },
				"up": { "uv": [ 11.25, 10.5, 14.25, 10.25 ], "texture": "#texture1" },
				"north": { "uv": [ 3, 1.75, 0, 2.5 ], "texture": "#texture1" },
				"south": { "uv": [ 0, 0, 3, 0.75 ], "texture": "#texture1" },
				"west": { "uv": [ 5.25, 0, 5.5, 0.75 ], "texture": "#texture1" },
				"east": { "uv": [ 6.5, 0, 6.25, 0.75 ], "texture": "#texture1" }
			}
		},
		{
			"__comment": "Voxels",
			"from": [ 2, 7, 14 ],
			"to": [ 14, 12, 15 ],
			"faces": {
				"down": { "uv": [ 5.25, 10.25, 8.25, 10.5 ], "texture": "#texture1" },
				"up": { "uv": [ 11.25, 10.75, 14.25, 10.5 ], "texture": "#texture1" },
				"north": { "uv": [ 3, 7.75, 0, 9 ], "texture": "#texture1" },
				"south": { "uv": [ 0, 6.5, 3, 7.75 ], "texture": "#texture1" },
				"west": { "uv": [ 4.5, 1.75, 4.75, 3 ], "texture": "#texture1" },
				"east": { "uv": [ 3.5, 0, 3.25, 1.25 ], "texture": "#texture1" }
			}
		},
		{
			"__comment": "Voxels",
			"from": [ 2, 8, 4 ],
			"to": [ 14, 11, 10 ],
			"faces": {
				"down": { "uv": [ 11, 14.5, 14, 16 ], "texture": "#texture1" },
				"up": { "uv": [ 0, 13.5, 3, 12 ], "texture": "#texture1" },
				"north": { "uv": [ 8, 13.5, 5, 14.25 ], "texture": "#texture1" },
				"south": { "uv": [ 8, 13.5, 11, 14.25 ], "texture": "#texture1" },
				"west": { "uv": [ 14.5, 12.75, 16, 13.5 ], "texture": "#texture1" },
				"east": { "uv": [ 15.75, 11.25, 14.25, 12 ], "texture": "#texture1" }
			}
		},
		{
			"__comment": "Voxels",
			"from": [ 2, 8, 10 ],
			"to": [ 14, 9, 14 ],
			"faces": {
				"down": { "uv": [ 11, 13.5, 14, 14.5 ], "texture": "#texture1" },
				"up": { "uv": [ 0, 6.5, 3, 5.5 ], "texture": "#texture1" },
				"north": { "uv": [ 11.25, 10.5, 8.25, 10.75 ], "texture": "#texture1" },
				"south": { "uv": [ 10.25, 10.75, 13.25, 11 ], "texture": "#texture1" },
				"west": { "uv": [ 6.25, 3.25, 7.25, 3.5 ], "texture": "#texture1" },
				"east": { "uv": [ 7.25, 3.5, 6.25, 3.75 ], "texture": "#texture1" }
			}
		},
		{
			"__comment": "Voxels",
			"from": [ 2, 11, 7 ],
			"to": [ 14, 12, 14 ],
			"faces": {
				"down": { "uv": [ 8, 14.25, 11, 16 ], "texture": "#texture1" },
				"up": { "uv": [ 5, 16, 8, 14.25 ], "texture": "#texture1" },
				"north": { "uv": [ 13.25, 11, 10.25, 11.25 ], "texture": "#texture1" },
				"south": { "uv": [ 5.25, 10.5, 8.25, 10.75 ], "texture": "#texture1" },
				"west": { "uv": [ 14.25, 10.25, 16, 10.5 ], "texture": "#texture1" },
				"east": { "uv": [ 16, 9, 14.25, 9.25 ], "texture": "#texture1" }
			}
		},
		{
			"__comment": "Voxels",
			"from": [ 3, 2, 4 ],
			"to": [ 4, 3, 6 ],
			"faces": {
				"down": { "uv": [ 7.5, 7.5, 7.75, 8 ], "texture": "#texture1" },
				"up": { "uv": [ 7.5, 7.5, 7.75, 7 ], "texture": "#texture1" },
				"north": { "uv": [ 8, 5.5, 7.75, 5.75 ], "texture": "#texture1" },
				"south": { "uv": [ 7.75, 4.75, 8, 5 ], "texture": "#texture1" },
				"west": { "uv": [ 14.25, 8, 14.75, 8.25 ], "texture": "#texture1" },
				"east": { "uv": [ 15.25, 8, 14.75, 8.25 ], "texture": "#texture1" }
			}
		},
		{
			"__comment": "Voxels",
			"from": [ 3, 2, 11 ],
			"to": [ 4, 3, 13 ],
			"faces": {
				"down": { "uv": [ 7.25, 6.25, 7.5, 6.75 ], "texture": "#texture1" },
				"up": { "uv": [ 7.5, 6, 7.75, 5.5 ], "texture": "#texture1" },
				"north": { "uv": [ 8, 4.5, 7.75, 4.75 ], "texture": "#texture1" },
				"south": { "uv": [ 7.75, 4.25, 8, 4.5 ], "texture": "#texture1" },
				"west": { "uv": [ 10.25, 7.75, 10.75, 8 ], "texture": "#texture1" },
				"east": { "uv": [ 11.25, 7.75, 10.75, 8 ], "texture": "#texture1" }
			}
		},
		{
			"__comment": "Voxels",
			"from": [ 3, 3, 3 ],
			"to": [ 5, 4, 4 ],
			"faces": {
				"down": { "uv": [ 11.25, 7.75, 11.75, 8 ], "texture": "#texture1" },
				"up": { "uv": [ 2.5, 10.75, 3, 10.5 ], "texture": "#texture1" },
				"north": { "uv": [ 3, 9, 2.5, 9.25 ], "texture": "#texture1" },
				"south": { "uv": [ 5.5, 2.25, 6, 2.5 ], "texture": "#texture1" },
				"west": { "uv": [ 7.75, 4, 8, 4.25 ], "texture": "#texture1" },
				"east": { "uv": [ 8, 3.75, 7.75, 4 ], "texture": "#texture1" }
			}
		},
		{
			"__comment": "Voxels",
			"from": [ 3, 3, 6 ],
			"to": [ 4, 4, 11 ],
			"faces": {
				"down": { "uv": [ 3.5, 0, 3.75, 1.25 ], "texture": "#texture1" },
				"up": { "uv": [ 3.75, 3, 4, 1.75 ], "texture": "#texture1" },
				"north": { "uv": [ 8, 3.5, 7.75, 3.75 ], "texture": "#texture1" },
				"south": { "uv": [ 7.75, 3.25, 8, 3.5 ], "texture": "#texture1" },
				"west": { "uv": [ 3.75, 1.5, 5, 1.75 ], "texture": "#texture1" },
				"east": { "uv": [ 5, 1.25, 3.75, 1.5 ], "texture": "#texture1" }
			}
		},
		{
			"__comment": "Voxels",
			"from": [ 3, 3, 13 ],
			"to": [ 4, 4, 14 ],
			"faces": {
				"down": { "uv": [ 7.75, 3, 8, 3.25 ], "texture": "#texture1" },
				"up": { "uv": [ 7.75, 3, 8, 2.75 ], "texture": "#texture1" },
				"north": { "uv": [ 8, 2.5, 7.75, 2.75 ], "texture": "#texture1" },
				"south": { "uv": [ 7.75, 2.25, 8, 2.5 ], "texture": "#texture1" },
				"west": { "uv": [ 7.75, 2, 8, 2.25 ], "texture": "#texture1" },
				"east": { "uv": [ 8, 1.75, 7.75, 2 ], "texture": "#texture1" }
			}
		},
		{
			"__comment": "Voxels",
			"from": [ 3, 4, 2 ],
			"to": [ 4, 6, 3 ],
			"faces": {
				"down": { "uv": [ 7.75, 1.5, 8, 1.75 ], "texture": "#texture1" },
				"up": { "uv": [ 7.75, 1, 8, 0.75 ], "texture": "#texture1" },
				"north": { "uv": [ 7.5, 0.75, 7.25, 1.25 ], "texture": "#texture1" },
				"south": { "uv": [ 7.25, 0.25, 7.5, 0.75 ], "texture": "#texture1" },
				"west": { "uv": [ 7.5, 6.5, 7.75, 7 ], "texture": "#texture1" },
				"east": { "uv": [ 7.75, 6, 7.5, 6.5 ], "texture": "#texture1" }
			}
		},
		{
			"__comment": "Voxels",
			"from": [ 3, 4, 4 ],
			"to": [ 4, 5, 5 ],
			"faces": {
				"down": { "uv": [ 7.75, 0.5, 8, 0.75 ], "texture": "#texture1" },
				"up": { "uv": [ 8, 7.75, 8.25, 7.5 ], "texture": "#texture1" },
				"north": { "uv": [ 8.25, 7, 8, 7.25 ], "texture": "#texture1" },
				"south": { "uv": [ 8, 6.75, 8.25, 7 ], "texture": "#texture1" },
				"west": { "uv": [ 8, 6.5, 8.25, 6.75 ], "texture": "#texture1" },
				"east": { "uv": [ 8.25, 6.25, 8, 6.5 ], "texture": "#texture1" }
			}
		},
		{
			"__comment": "Voxels",
			"from": [ 3, 4, 12 ],
			"to": [ 4, 5, 13 ],
			"faces": {
				"down": { "uv": [ 8, 5.5, 8.25, 5.75 ], "texture": "#texture1" },
				"up": { "uv": [ 8, 5.5, 8.25, 5.25 ], "texture": "#texture1" },
				"north": { "uv": [ 8.25, 5, 8, 5.25 ], "texture": "#texture1" },
				"south": { "uv": [ 8, 4.75, 8.25, 5 ], "texture": "#texture1" },
				"west": { "uv": [ 8, 4, 8.25, 4.25 ], "texture": "#texture1" },
				"east": { "uv": [ 8.25, 3.75, 8, 4 ], "texture": "#texture1" }
			}
		},
		{
			"__comment": "Voxels",
			"from": [ 3, 4, 14 ],
			"to": [ 4, 5, 15 ],
			"faces": {
				"down": { "uv": [ 8, 3, 8.25, 3.25 ], "texture": "#texture1" },
				"up": { "uv": [ 8, 3, 8.25, 2.75 ], "texture": "#texture1" },
				"north": { "uv": [ 8.25, 2.5, 8, 2.75 ], "texture": "#texture1" },
				"south": { "uv": [ 8, 2.25, 8.25, 2.5 ], "texture": "#texture1" },
				"west": { "uv": [ 8, 1.5, 8.25, 1.75 ], "texture": "#texture1" },
				"east": { "uv": [ 8.25, 1.25, 8, 1.5 ], "texture": "#texture1" }
			}
		},
		{
			"__comment": "Voxels",
			"from": [ 3, 5, 3 ],
			"to": [ 4, 7, 4 ],
			"faces": {
				"down": { "uv": [ 8, 1, 8.25, 1.25 ], "texture": "#texture1" },
				"up": { "uv": [ 8, 1, 8.25, 0.75 ], "texture": "#texture1" },
				"north": { "uv": [ 7.5, 5.75, 7.25, 6.25 ], "texture": "#texture1" },
				"south": { "uv": [ 7.25, 5.25, 7.5, 5.75 ], "texture": "#texture1" },
				"west": { "uv": [ 7.25, 4.75, 7.5, 5.25 ], "texture": "#texture1" },
				"east": { "uv": [ 7.5, 4.25, 7.25, 4.75 ], "texture": "#texture1" }
			}
		},
		{
			"__comment": "Voxels",
			"from": [ 3, 5, 13 ],
			"to": [ 4, 6, 14 ],
			"faces": {
				"down": { "uv": [ 8.25, 6.75, 8.5, 7 ], "texture": "#texture1" },
				"up": { "uv": [ 8.25, 6.75, 8.5, 6.5 ], "texture": "#texture1" },
				"north": { "uv": [ 8.5, 6.25, 8.25, 6.5 ], "texture": "#texture1" },
				"south": { "uv": [ 8.25, 6, 8.5, 6.25 ], "texture": "#texture1" },
				"west": { "uv": [ 8.5, 7.25, 8.75, 7.5 ], "texture": "#texture1" },
				"east": { "uv": [ 9, 7.25, 8.75, 7.5 ], "texture": "#texture1" }
			}
		},
		{
			"__comment": "Voxels",
			"from": [ 3, 5, 15 ],
			"to": [ 4, 6, 16 ],
			"faces": {
				"down": { "uv": [ 9.5, 7.25, 9.75, 7.5 ], "texture": "#texture1" },
				"up": { "uv": [ 9.75, 7.5, 10, 7.25 ], "texture": "#texture1" },
				"north": { "uv": [ 5.25, 3.25, 5, 3.5 ], "texture": "#texture1" },
				"south": { "uv": [ 5, 3, 5.25, 3.25 ], "texture": "#texture1" },
				"west": { "uv": [ 5, 1.75, 5.25, 2 ], "texture": "#texture1" },
				"east": { "uv": [ 5.25, 1.5, 5, 1.75 ], "texture": "#texture1" }
			}
		},
		{
			"__comment": "Voxels",
			"from": [ 3, 6, 14 ],
			"to": [ 4, 7, 15 ],
			"faces": {
				"down": { "uv": [ 5, 1.25, 5.25, 1.5 ], "texture": "#texture1" },
				"up": { "uv": [ 5, 1.25, 5.25, 1 ], "texture": "#texture1" },
				"north": { "uv": [ 5.25, 0.75, 5, 1 ], "texture": "#texture1" },
				"south": { "uv": [ 5, 0.5, 5.25, 0.75 ], "texture": "#texture1" },
				"west": { "uv": [ 5, 0.25, 5.25, 0.5 ], "texture": "#texture1" },
				"east": { "uv": [ 15.25, 7.75, 15, 8 ], "texture": "#texture1" }
			}
		},
		{
			"__comment": "Voxels",
			"from": [ 3, 6, 16 ],
			"to": [ 4, 11, 17 ],
			"faces": {
				"down": { "uv": [ 8.25, 7.5, 8.5, 7.75 ], "texture": "#texture1" },
				"up": { "uv": [ 8, 0.25, 8.25, 0 ], "texture": "#texture1" },
				"north": { "uv": [ 5, 1.75, 4.75, 3 ], "texture": "#texture1" },
				"south": { "uv": [ 2.5, 10.75, 2.75, 12 ], "texture": "#texture1" },
				"west": { "uv": [ 2.75, 10.75, 3, 12 ], "texture": "#texture1" },
				"east": { "uv": [ 2.75, 9.25, 2.5, 10.5 ], "texture": "#texture1" }
			}
		},
		{
			"__comment": "Voxels",
			"from": [ 3, 7, 4 ],
			"to": [ 13, 8, 14 ],
			"faces": {
				"down": { "uv": [ 2.5, 13.5, 5, 16 ], "texture": "#texture1" },
				"up": { "uv": [ 0, 16, 2.5, 13.5 ], "texture": "#texture1" },
				"north": { "uv": [ 12.75, 9.25, 10.25, 9.5 ], "texture": "#texture1" },
				"south": { "uv": [ 12.75, 9.25, 15.25, 9.5 ], "texture": "#texture1" },
				"west": { "uv": [ 7, 11.25, 9.5, 11.5 ], "texture": "#texture1" },
				"east": { "uv": [ 12, 11.25, 9.5, 11.5 ], "texture": "#texture1" }
			}
		},
		{
			"__comment": "Voxels",
			"from": [ 3, 8, 1 ],
			"to": [ 13, 10, 2 ],
			"faces": {
				"down": { "uv": [ 5.25, 10, 7.75, 10.25 ], "texture": "#texture1" },
				"up": { "uv": [ 7.75, 10.25, 10.25, 10 ], "texture": "#texture1" },
				"north": { "uv": [ 12.5, 12, 10, 12.5 ], "texture": "#texture1" },
				"south": { "uv": [ 12.5, 12, 15, 12.5 ], "texture": "#texture1" },
				"west": { "uv": [ 7.5, 2.5, 7.75, 3 ], "texture": "#texture1" },
				"east": { "uv": [ 7.75, 3, 7.5, 3.5 ], "texture": "#texture1" }
			}
		},
		{
			"__comment": "Voxels",
			"from": [ 3, 9, 2 ],
			"to": [ 13, 11, 3 ],
			"faces": {
				"down": { "uv": [ 10.25, 10, 12.75, 10.25 ], "texture": "#texture1" },
				"up": { "uv": [ 5.25, 10, 7.75, 9.75 ], "texture": "#texture1" },
				"north": { "uv": [ 9.5, 11.5, 7, 12 ], "texture": "#texture1" },
				"south": { "uv": [ 9.5, 11.5, 12, 12 ], "texture": "#texture1" },
				"west": { "uv": [ 7.25, 2.25, 7.5, 2.75 ], "texture": "#texture1" },
				"east": { "uv": [ 7.5, 2.75, 7.25, 3.25 ], "texture": "#texture1" }
			}
		},
		{
			"__comment": "Voxels",
			"from": [ 3, 10, 3 ],
			"to": [ 13, 11, 4 ],
			"faces": {
				"down": { "uv": [ 12.75, 9.75, 15.25, 10 ], "texture": "#texture1" },
				"up": { "uv": [ 5.25, 9.75, 7.75, 9.5 ], "texture": "#texture1" },
				"north": { "uv": [ 10.25, 9.5, 7.75, 9.75 ], "texture": "#texture1" },
				"south": { "uv": [ 10.25, 9.5, 12.75, 9.75 ], "texture": "#texture1" },
				"west": { "uv": [ 7.75, 5, 8, 5.25 ], "texture": "#texture1" },
				"east": { "uv": [ 8, 5.25, 7.75, 5.5 ], "texture": "#texture1" }
			}
		},
		{
			"__comment": "Voxels",
			"from": [ 3, 11, 3 ],
			"to": [ 12, 12, 7 ],
			"faces": {
				"down": { "uv": [ 0, 0.75, 2.25, 1.75 ], "texture": "#texture1" },
				"up": { "uv": [ 10, 13.5, 12.25, 12.5 ], "texture": "#texture1" },
				"north": { "uv": [ 9.75, 8.75, 7.5, 9 ], "texture": "#texture1" },
				"south": { "uv": [ 9.75, 8.75, 12, 9 ], "texture": "#texture1" },
				"west": { "uv": [ 5.25, 3.5, 6.25, 3.75 ], "texture": "#texture1" },
				"east": { "uv": [ 6.25, 3.25, 5.25, 3.5 ], "texture": "#texture1" }
			}
		},
		{
			"__comment": "Voxels",
			"from": [ 3, 11, 15 ],
			"to": [ 13, 12, 16 ],
			"faces": {
				"down": { "uv": [ 12.75, 10, 15.25, 10.25 ], "texture": "#texture1" },
				"up": { "uv": [ 7.75, 10, 10.25, 9.75 ], "texture": "#texture1" },
				"north": { "uv": [ 12.75, 9.75, 10.25, 10 ], "texture": "#texture1" },
				"south": { "uv": [ 12.75, 9.5, 15.25, 9.75 ], "texture": "#texture1" },
				"west": { "uv": [ 7.75, 7, 8, 7.25 ], "texture": "#texture1" },
				"east": { "uv": [ 8, 7.25, 7.75, 7.5 ], "texture": "#texture1" }
			}
		},
		{
			"__comment": "Voxels",
			"from": [ 3, 12, 8 ],
			"to": [ 13, 13, 14 ],
			"faces": {
				"down": { "uv": [ 0, 9, 2.5, 10.5 ], "texture": "#texture1" },
				"up": { "uv": [ 0, 12, 2.5, 10.5 ], "texture": "#texture1" },
				"north": { "uv": [ 7.75, 9.25, 5.25, 9.5 ], "texture": "#texture1" },
				"south": { "uv": [ 7.75, 9.25, 10.25, 9.5 ], "texture": "#texture1" },
				"west": { "uv": [ 3.75, 4, 5.25, 4.25 ], "texture": "#texture1" },
				"east": { "uv": [ 5.25, 6, 3.75, 6.25 ], "texture": "#texture1" }
			}
		},
		{
			"__comment": "Voxels",
			"from": [ 4, 5, 2 ],
			"to": [ 5, 6, 3 ],
			"faces": {
				"down": { "uv": [ 15.5, 7.75, 15.75, 8 ], "texture": "#texture1" },
				"up": { "uv": [ 13, 8, 13.25, 7.75 ], "texture": "#texture1" },
				"north": { "uv": [ 13, 7.75, 12.75, 8 ], "texture": "#texture1" },
				"south": { "uv": [ 7, 2, 7.25, 2.25 ], "texture": "#texture1" },
				"west": { "uv": [ 7, 2.25, 7.25, 2.5 ], "texture": "#texture1" },
				"east": { "uv": [ 7.25, 2.5, 7, 2.75 ], "texture": "#texture1" }
			}
		},
		{
			"__comment": "Voxels",
			"from": [ 4, 7, 1 ],
			"to": [ 12, 8, 2 ],
			"faces": {
				"down": { "uv": [ 5.25, 8.25, 7.25, 8.5 ], "texture": "#texture1" },
				"up": { "uv": [ 5.25, 8.25, 7.25, 8 ], "texture": "#texture1" },
				"north": { "uv": [ 7.25, 7.75, 5.25, 8 ], "texture": "#texture1" },
				"south": { "uv": [ 5.25, 7.5, 7.25, 7.75 ], "texture": "#texture1" },
				"west": { "uv": [ 7, 2.75, 7.25, 3 ], "texture": "#texture1" },
				"east": { "uv": [ 7.25, 5, 7, 5.25 ], "texture": "#texture1" }
			}
		},
		{
			"__comment": "Voxels",
			"from": [ 4, 7, 16 ],
			"to": [ 13, 11, 17 ],
			"faces": {
				"down": { "uv": [ 12, 11.25, 14.25, 11.5 ], "texture": "#texture1" },
				"up": { "uv": [ 7.5, 9.25, 9.75, 9 ], "texture": "#texture1" },
				"north": { "uv": [ 14.5, 12.5, 12.25, 13.5 ], "texture": "#texture1" },
				"south": { "uv": [ 0, 4.5, 2.25, 5.5 ], "texture": "#texture1" },
				"west": { "uv": [ 15.5, 15, 15.75, 16 ], "texture": "#texture1" },
				"east": { "uv": [ 5.5, 2, 5.25, 3 ], "texture": "#texture1" }
			}
		},
		{
			"__comment": "Voxels",
			"from": [ 4, 11, 16 ],
			"to": [ 11, 12, 17 ],
			"faces": {
				"down": { "uv": [ 5.25, 4.5, 7, 4.75 ], "texture": "#texture1" },
				"up": { "uv": [ 14.25, 10.75, 16, 10.5 ], "texture": "#texture1" },
				"north": { "uv": [ 7, 5, 5.25, 5.25 ], "texture": "#texture1" },
				"south": { "uv": [ 5.25, 4.75, 7, 5 ], "texture": "#texture1" },
				"west": { "uv": [ 7.25, 0, 7.5, 0.25 ], "texture": "#texture1" },
				"east": { "uv": [ 7.25, 0.75, 7, 1 ], "texture": "#texture1" }
			}
		},
		{
			"__comment": "Voxels",
			"from": [ 4, 12, 5 ],
			"to": [ 12, 13, 8 ],
			"faces": {
				"down": { "uv": [ 3, 11.25, 5, 12 ], "texture": "#texture1" },
				"up": { "uv": [ 5, 12, 7, 11.25 ], "texture": "#texture1" },
				"north": { "uv": [ 7.25, 5.75, 5.25, 6 ], "texture": "#texture1" },
				"south": { "uv": [ 5.25, 6, 7.25, 6.25 ], "texture": "#texture1" },
				"west": { "uv": [ 8.75, 8.5, 9.5, 8.75 ], "texture": "#texture1" },
				"east": { "uv": [ 11.75, 8.5, 11, 8.75 ], "texture": "#texture1" }
			}
		},
		{
			"__comment": "Voxels",
			"from": [ 4, 12, 14 ],
			"to": [ 12, 13, 16 ],
			"faces": {
				"down": { "uv": [ 14, 13.5, 16, 14 ], "texture": "#texture1" },
				"up": { "uv": [ 5.25, 11.25, 7.25, 10.75 ], "texture": "#texture1" },
				"north": { "uv": [ 7.25, 5.25, 5.25, 5.5 ], "texture": "#texture1" },
				"south": { "uv": [ 5.25, 7.25, 7.25, 7.5 ], "texture": "#texture1" },
				"west": { "uv": [ 11.25, 8, 11.75, 8.25 ], "texture": "#texture1" },
				"east": { "uv": [ 10.25, 8, 9.75, 8.25 ], "texture": "#texture1" }
			}
		},
		{
			"__comment": "Voxels",
			"from": [ 4, 13, 11 ],
			"to": [ 12, 14, 12 ],
			"faces": {
				"down": { "uv": [ 5.25, 7, 7.25, 7.25 ], "texture": "#texture1" },
				"up": { "uv": [ 5.25, 7, 7.25, 6.75 ], "texture": "#texture1" },
				"north": { "uv": [ 7.25, 6.5, 5.25, 6.75 ], "texture": "#texture1" },
				"south": { "uv": [ 5.25, 6.25, 7.25, 6.5 ], "texture": "#texture1" },
				"west": { "uv": [ 5, 0, 5.25, 0.25 ], "texture": "#texture1" },
				"east": { "uv": [ 8, 6.25, 7.75, 6.5 ], "texture": "#texture1" }
			}
		},
		{
			"__comment": "Voxels",
			"from": [ 4, 13, 15 ],
			"to": [ 12, 14, 16 ],
			"faces": {
				"down": { "uv": [ 5.25, 5.5, 7.25, 5.75 ], "texture": "#texture1" },
				"up": { "uv": [ 12, 9, 14, 8.75 ], "texture": "#texture1" },
				"north": { "uv": [ 16, 8.75, 14, 9 ], "texture": "#texture1" },
				"south": { "uv": [ 5.25, 8.5, 7.25, 8.75 ], "texture": "#texture1" },
				"west": { "uv": [ 15.25, 7.75, 15.5, 8 ], "texture": "#texture1" },
				"east": { "uv": [ 13.75, 7.75, 13.5, 8 ], "texture": "#texture1" }
			}
		},
		{
			"__comment": "Voxels",
			"from": [ 5, 7, 2 ],
			"to": [ 14, 9, 3 ],
			"faces": {
				"down": { "uv": [ 12, 9, 14.25, 9.25 ], "texture": "#texture1" },
				"up": { "uv": [ 5.25, 9.25, 7.5, 9 ], "texture": "#texture1" },
				"north": { "uv": [ 5.25, 10.75, 3, 11.25 ], "texture": "#texture1" },
				"south": { "uv": [ 12, 11.5, 14.25, 12 ], "texture": "#texture1" },
				"west": { "uv": [ 7.25, 1.25, 7.5, 1.75 ], "texture": "#texture1" },
				"east": { "uv": [ 7.5, 1.75, 7.25, 2.25 ], "texture": "#texture1" }
			}
		},
		{
			"__comment": "Voxels",
			"from": [ 5, 7, 15 ],
			"to": [ 14, 11, 16 ],
			"faces": {
				"down": { "uv": [ 9.75, 9, 12, 9.25 ], "texture": "#texture1" },
				"up": { "uv": [ 5.25, 9, 7.5, 8.75 ], "texture": "#texture1" },
				"north": { "uv": [ 2.25, 3.5, 0, 4.5 ], "texture": "#texture1" },
				"south": { "uv": [ 0, 2.5, 2.25, 3.5 ], "texture": "#texture1" },
				"west": { "uv": [ 15.75, 15, 16, 16 ], "texture": "#texture1" },
				"east": { "uv": [ 5.25, 2, 5, 3 ], "texture": "#texture1" }
			}
		},
		{
			"__comment": "Voxels",
			"from": [ 5, 10, 1 ],
			"to": [ 11, 11, 2 ],
			"faces": {
				"down": { "uv": [ 3.75, 5, 5.25, 5.25 ], "texture": "#texture1" },
				"up": { "uv": [ 3.75, 5, 5.25, 4.75 ], "texture": "#texture1" },
				"north": { "uv": [ 5.25, 4.5, 3.75, 4.75 ], "texture": "#texture1" },
				"south": { "uv": [ 3.75, 4.25, 5.25, 4.5 ], "texture": "#texture1" },
				"west": { "uv": [ 7.75, 0, 8, 0.25 ], "texture": "#texture1" },
				"east": { "uv": [ 8, 0.25, 7.75, 0.5 ], "texture": "#texture1" }
			}
		},
		{
			"__comment": "Voxels",
			"from": [ 5, 11, 2 ],
			"to": [ 11, 12, 3 ],
			"faces": {
				"down": { "uv": [ 3.75, 3.5, 5.25, 3.75 ], "texture": "#texture1" },
				"up": { "uv": [ 3.75, 5.75, 5.25, 5.5 ], "texture": "#texture1" },
				"north": { "uv": [ 5.25, 5.25, 3.75, 5.5 ], "texture": "#texture1" },
				"south": { "uv": [ 3.75, 6.25, 5.25, 6.5 ], "texture": "#texture1" },
				"west": { "uv": [ 12, 7.75, 12.25, 8 ], "texture": "#texture1" },
				"east": { "uv": [ 13.5, 7.75, 13.25, 8 ], "texture": "#texture1" }
			}
		},
		{
			"__comment": "Voxels",
			"from": [ 5, 12, 3 ],
			"to": [ 10, 13, 5 ],
			"faces": {
				"down": { "uv": [ 14.75, 10.75, 16, 11.25 ], "texture": "#texture1" },
				"up": { "uv": [ 3.75, 10.25, 5, 9.75 ], "texture": "#texture1" },
				"north": { "uv": [ 5, 0.5, 3.75, 0.75 ], "texture": "#texture1" },
				"south": { "uv": [ 3.75, 3, 5, 3.25 ], "texture": "#texture1" },
				"west": { "uv": [ 15.25, 8, 15.75, 8.25 ], "texture": "#texture1" },
				"east": { "uv": [ 8.25, 7.75, 7.75, 8 ], "texture": "#texture1" }
			}
		},
		{
			"__comment": "Voxels",
			"from": [ 5, 13, 7 ],
			"to": [ 11, 14, 11 ],
			"faces": {
				"down": { "uv": [ 14, 15, 15.5, 16 ], "texture": "#texture1" },
				"up": { "uv": [ 14, 15, 15.5, 14 ], "texture": "#texture1" },
				"north": { "uv": [ 5.25, 5.75, 3.75, 6 ], "texture": "#texture1" },
				"south": { "uv": [ 3.75, 6.75, 5.25, 7 ], "texture": "#texture1" },
				"west": { "uv": [ 5.25, 3, 6.25, 3.25 ], "texture": "#texture1" },
				"east": { "uv": [ 7.25, 3, 6.25, 3.25 ], "texture": "#texture1" }
			}
		},
		{
			"__comment": "Voxels",
			"from": [ 5, 13, 12 ],
			"to": [ 11, 15, 14 ],
			"faces": {
				"down": { "uv": [ 8.75, 10.75, 10.25, 11.25 ], "texture": "#texture1" },
				"up": { "uv": [ 13.25, 11.25, 14.75, 10.75 ], "texture": "#texture1" },
				"north": { "uv": [ 5.25, 10.25, 3.75, 10.75 ], "texture": "#texture1" },
				"south": { "uv": [ 7.25, 10.75, 8.75, 11.25 ], "texture": "#texture1" },
				"west": { "uv": [ 4.75, 8.25, 5.25, 8.75 ], "texture": "#texture1" },
				"east": { "uv": [ 6, 2.5, 5.5, 3 ], "texture": "#texture1" }
			}
		},
		{
			"__comment": "Voxels",
			"from": [ 5, 13, 14 ],
			"to": [ 11, 14, 15 ],
			"faces": {
				"down": { "uv": [ 3.75, 7, 5.25, 7.25 ], "texture": "#texture1" },
				"up": { "uv": [ 3.75, 7.5, 5.25, 7.25 ], "texture": "#texture1" },
				"north": { "uv": [ 5.25, 7.5, 3.75, 7.75 ], "texture": "#texture1" },
				"south": { "uv": [ 3.75, 7.75, 5.25, 8 ], "texture": "#texture1" },
				"west": { "uv": [ 7, 4.75, 7.25, 5 ], "texture": "#texture1" },
				"east": { "uv": [ 7.25, 4.5, 7, 4.75 ], "texture": "#texture1" }
			}
		},
		{
			"__comment": "Voxels",
			"from": [ 5, 14, 11 ],
			"to": [ 11, 15, 12 ],
			"faces": {
				"down": { "uv": [ 3.75, 8, 5.25, 8.25 ], "texture": "#texture1" },
				"up": { "uv": [ 14.5, 12.75, 16, 12.5 ], "texture": "#texture1" },
				"north": { "uv": [ 5.25, 3.75, 3.75, 4 ], "texture": "#texture1" },
				"south": { "uv": [ 3.75, 6.5, 5.25, 6.75 ], "texture": "#texture1" },
				"west": { "uv": [ 7, 1.25, 7.25, 1.5 ], "texture": "#texture1" },
				"east": { "uv": [ 7.25, 1, 7, 1.25 ], "texture": "#texture1" }
			}
		},
		{
			"__comment": "Voxels",
			"from": [ 6, 12, 16 ],
			"to": [ 10, 13, 17 ],
			"faces": {
				"down": { "uv": [ 6, 2.75, 7, 3 ], "texture": "#texture1" },
				"up": { "uv": [ 6, 2.75, 7, 2.5 ], "texture": "#texture1" },
				"north": { "uv": [ 7, 2.25, 6, 2.5 ], "texture": "#texture1" },
				"south": { "uv": [ 6, 2, 7, 2.25 ], "texture": "#texture1" },
				"west": { "uv": [ 15.75, 8, 16, 8.25 ], "texture": "#texture1" },
				"east": { "uv": [ 12, 7.75, 11.75, 8 ], "texture": "#texture1" }
			}
		},
		{
			"__comment": "Voxels",
			"from": [ 6, 13, 6 ],
			"to": [ 10, 14, 7 ],
			"faces": {
				"down": { "uv": [ 5.25, 1.75, 6.25, 2 ], "texture": "#texture1" },
				"up": { "uv": [ 6.25, 2, 7.25, 1.75 ], "texture": "#texture1" },
				"north": { "uv": [ 6.25, 4, 5.25, 4.25 ], "texture": "#texture1" },
				"south": { "uv": [ 6.25, 4, 7.25, 4.25 ], "texture": "#texture1" },
				"west": { "uv": [ 12.25, 7.75, 12.5, 8 ], "texture": "#texture1" },
				"east": { "uv": [ 12.75, 7.75, 12.5, 8 ], "texture": "#texture1" }
			}
		},
		{
			"__comment": "Voxels",
			"from": [ 6, 14, 14 ],
			"to": [ 10, 15, 16 ],
			"faces": {
				"down": { "uv": [ 3.75, 9.25, 4.75, 9.75 ], "texture": "#texture1" },
				"up": { "uv": [ 15, 12.5, 16, 12 ], "texture": "#texture1" },
				"north": { "uv": [ 6.25, 3.75, 5.25, 4 ], "texture": "#texture1" },
				"south": { "uv": [ 6.25, 3.75, 7.25, 4 ], "texture": "#texture1" },
				"west": { "uv": [ 11.75, 8, 12.25, 8.25 ], "texture": "#texture1" },
				"east": { "uv": [ 6, 2, 5.5, 2.25 ], "texture": "#texture1" }
			}
		},
		{
			"__comment": "Voxels",
			"from": [ 10, 12, 4 ],
			"to": [ 11, 13, 5 ],
			"faces": {
				"down": { "uv": [ 13.75, 7.75, 14, 8 ], "texture": "#texture1" },
				"up": { "uv": [ 14, 8, 14.25, 7.75 ], "texture": "#texture1" },
				"north": { "uv": [ 14.5, 7.75, 14.25, 8 ], "texture": "#texture1" },
				"south": { "uv": [ 14.5, 7.75, 14.75, 8 ], "texture": "#texture1" },
				"west": { "uv": [ 14.75, 7.75, 15, 8 ], "texture": "#texture1" },
				"east": { "uv": [ 8.25, 7.25, 8, 7.5 ], "texture": "#texture1" }
			}
		},
		{
			"__comment": "Voxels",
			"from": [ 11, 2, 6 ],
			"to": [ 14, 3, 11 ],
			"faces": {
				"down": { "uv": [ 3, 9.5, 3.75, 10.75 ], "texture": "#texture1" },
				"up": { "uv": [ 3, 8.25, 3.75, 7 ], "texture": "#texture1" },
				"north": { "uv": [ 10.25, 8.5, 9.5, 8.75 ], "texture": "#texture1" },
				"south": { "uv": [ 10.25, 8.5, 11, 8.75 ], "texture": "#texture1" },
				"west": { "uv": [ 5.25, 4.25, 6.5, 4.5 ], "texture": "#texture1" },
				"east": { "uv": [ 5, 0, 3.75, 0.25 ], "texture": "#texture1" }
			}
		},
		{
			"__comment": "Voxels",
			"from": [ 11, 3, 3 ],
			"to": [ 13, 5, 4 ],
			"faces": {
				"down": { "uv": [ 15.5, 8.25, 16, 8.5 ], "texture": "#texture1" },
				"up": { "uv": [ 8.25, 8.25, 8.75, 8 ], "texture": "#texture1" },
				"north": { "uv": [ 16, 14.5, 15.5, 15 ], "texture": "#texture1" },
				"south": { "uv": [ 15.5, 14, 16, 14.5 ], "texture": "#texture1" },
				"west": { "uv": [ 7.25, 3.75, 7.5, 4.25 ], "texture": "#texture1" },
				"east": { "uv": [ 7.5, 3.25, 7.25, 3.75 ], "texture": "#texture1" }
			}
		},
		{
			"__comment": "Voxels",
			"from": [ 11, 3, 4 ],
			"to": [ 14, 4, 6 ],
			"faces": {
				"down": { "uv": [ 3, 2.25, 3.75, 2.75 ], "texture": "#texture1" },
				"up": { "uv": [ 2.25, 1.75, 3, 1.25 ], "texture": "#texture1" },
				"north": { "uv": [ 12.5, 8.5, 11.75, 8.75 ], "texture": "#texture1" },
				"south": { "uv": [ 8, 8.5, 8.75, 8.75 ], "texture": "#texture1" },
				"west": { "uv": [ 10.25, 8, 10.75, 8.25 ], "texture": "#texture1" },
				"east": { "uv": [ 11.25, 8, 10.75, 8.25 ], "texture": "#texture1" }
			}
		},
		{
			"__comment": "Voxels",
			"from": [ 11, 3, 11 ],
			"to": [ 14, 4, 13 ],
			"faces": {
				"down": { "uv": [ 3, 2.75, 3.75, 3.25 ], "texture": "#texture1" },
				"up": { "uv": [ 2.25, 1.25, 3, 0.75 ], "texture": "#texture1" },
				"north": { "uv": [ 13.25, 8.5, 12.5, 8.75 ], "texture": "#texture1" },
				"south": { "uv": [ 13.25, 8.5, 14, 8.75 ], "texture": "#texture1" },
				"west": { "uv": [ 12.25, 8, 12.75, 8.25 ], "texture": "#texture1" },
				"east": { "uv": [ 13.25, 8, 12.75, 8.25 ], "texture": "#texture1" }
			}
		},
		{
			"__comment": "Voxels",
			"from": [ 11, 4, 13 ],
			"to": [ 14, 5, 14 ],
			"faces": {
				"down": { "uv": [ 14, 8.5, 14.75, 8.75 ], "texture": "#texture1" },
				"up": { "uv": [ 14.75, 8.75, 15.5, 8.5 ], "texture": "#texture1" },
				"north": { "uv": [ 8, 8.25, 7.25, 8.5 ], "texture": "#texture1" },
				"south": { "uv": [ 8, 8.25, 8.75, 8.5 ], "texture": "#texture1" },
				"west": { "uv": [ 7.75, 1.25, 8, 1.5 ], "texture": "#texture1" },
				"east": { "uv": [ 8, 1, 7.75, 1.25 ], "texture": "#texture1" }
			}
		},
		{
			"__comment": "Voxels",
			"from": [ 11, 5, 2 ],
			"to": [ 13, 7, 3 ],
			"faces": {
				"down": { "uv": [ 13.25, 8, 13.75, 8.25 ], "texture": "#texture1" },
				"up": { "uv": [ 13.75, 8.25, 14.25, 8 ], "texture": "#texture1" },
				"north": { "uv": [ 5.25, 9.25, 4.75, 9.75 ], "texture": "#texture1" },
				"south": { "uv": [ 4.75, 8.75, 5.25, 9.25 ], "texture": "#texture1" },
				"west": { "uv": [ 7.5, 4, 7.75, 4.5 ], "texture": "#texture1" },
				"east": { "uv": [ 5.25, 9.75, 5, 10.25 ], "texture": "#texture1" }
			}
		},
		{
			"__comment": "Voxels",
			"from": [ 11, 5, 14 ],
			"to": [ 14, 6, 15 ],
			"faces": {
				"down": { "uv": [ 9.5, 8.25, 10.25, 8.5 ], "texture": "#texture1" },
				"up": { "uv": [ 10.25, 8.5, 11, 8.25 ], "texture": "#texture1" },
				"north": { "uv": [ 11.75, 8.25, 11, 8.5 ], "texture": "#texture1" },
				"south": { "uv": [ 11.75, 8.25, 12.5, 8.5 ], "texture": "#texture1" },
				"west": { "uv": [ 8, 6, 8.25, 6.25 ], "texture": "#texture1" },
				"east": { "uv": [ 8.25, 5.75, 8, 6 ], "texture": "#texture1" }
			}
		},
		{
			"__comment": "Voxels",
			"from": [ 11, 6, 15 ],
			"to": [ 14, 7, 16 ],
			"faces": {
				"down": { "uv": [ 12.5, 8.25, 13.25, 8.5 ], "texture": "#texture1" },
				"up": { "uv": [ 13.25, 8.5, 14, 8.25 ], "texture": "#texture1" },
				"north": { "uv": [ 14.75, 8.25, 14, 8.5 ], "texture": "#texture1" },
				"south": { "uv": [ 14.75, 8.25, 15.5, 8.5 ], "texture": "#texture1" },
				"west": { "uv": [ 8, 4.5, 8.25, 4.75 ], "texture": "#texture1" },
				"east": { "uv": [ 8.25, 4.25, 8, 4.5 ], "texture": "#texture1" }
			}
		},
		{
			"__comment": "Voxels",
			"from": [ 12, 2, 4 ],
			"to": [ 13, 3, 6 ],
			"faces": {
				"down": { "uv": [ 7.5, 5, 7.75, 5.5 ], "texture": "#texture1" },
				"up": { "uv": [ 7.5, 5, 7.75, 4.5 ], "texture": "#texture1" },
				"north": { "uv": [ 8.25, 3.5, 8, 3.75 ], "texture": "#texture1" },
				"south": { "uv": [ 8, 3.25, 8.25, 3.5 ], "texture": "#texture1" },
				"west": { "uv": [ 8.25, 7.75, 8.75, 8 ], "texture": "#texture1" },
				"east": { "uv": [ 9.25, 7.75, 8.75, 8 ], "texture": "#texture1" }
			}
		},
		{
			"__comment": "Voxels",
			"from": [ 12, 2, 11 ],
			"to": [ 13, 3, 13 ],
			"faces": {
				"down": { "uv": [ 7.5, 0, 7.75, 0.5 ], "texture": "#texture1" },
				"up": { "uv": [ 7.5, 4, 7.75, 3.5 ], "texture": "#texture1" },
				"north": { "uv": [ 8.25, 2, 8, 2.25 ], "texture": "#texture1" },
				"south": { "uv": [ 8, 1.75, 8.25, 2 ], "texture": "#texture1" },
				"west": { "uv": [ 9.25, 7.75, 9.75, 8 ], "texture": "#texture1" },
				"east": { "uv": [ 10.25, 7.75, 9.75, 8 ], "texture": "#texture1" }
			}
		},
		{
			"__comment": "Voxels",
			"from": [ 12, 3, 6 ],
			"to": [ 13, 4, 11 ],
			"faces": {
				"down": { "uv": [ 3, 0, 3.25, 1.25 ], "texture": "#texture1" },
				"up": { "uv": [ 2.75, 10.5, 3, 9.25 ], "texture": "#texture1" },
				"north": { "uv": [ 8.25, 0.5, 8, 0.75 ], "texture": "#texture1" },
				"south": { "uv": [ 8, 0.25, 8.25, 0.5 ], "texture": "#texture1" },
				"west": { "uv": [ 3.75, 3.25, 5, 3.5 ], "texture": "#texture1" },
				"east": { "uv": [ 5, 0.25, 3.75, 0.5 ], "texture": "#texture1" }
			}
		},
		{
			"__comment": "Voxels",
			"from": [ 12, 3, 13 ],
			"to": [ 13, 4, 14 ],
			"faces": {
				"down": { "uv": [ 8.5, 7.5, 8.75, 7.75 ], "texture": "#texture1" },
				"up": { "uv": [ 8.75, 7.75, 9, 7.5 ], "texture": "#texture1" },
				"north": { "uv": [ 9.25, 7.5, 9, 7.75 ], "texture": "#texture1" },
				"south": { "uv": [ 9.25, 7.5, 9.5, 7.75 ], "texture": "#texture1" },
				"west": { "uv": [ 9.5, 7.5, 9.75, 7.75 ], "texture": "#texture1" },
				"east": { "uv": [ 10, 7.5, 9.75, 7.75 ], "texture": "#texture1" }
			}
		},
		{
			"__comment": "Voxels",
			"from": [ 12, 4, 2 ],
			"to": [ 13, 5, 3 ],
			"faces": {
				"down": { "uv": [ 10, 7.5, 10.25, 7.75 ], "texture": "#texture1" },
				"up": { "uv": [ 10.25, 7.75, 10.5, 7.5 ], "texture": "#texture1" },
				"north": { "uv": [ 10.75, 7.5, 10.5, 7.75 ], "texture": "#texture1" },
				"south": { "uv": [ 10.75, 7.5, 11, 7.75 ], "texture": "#texture1" },
				"west": { "uv": [ 11, 7.5, 11.25, 7.75 ], "texture": "#texture1" },
				"east": { "uv": [ 11.5, 7.5, 11.25, 7.75 ], "texture": "#texture1" }
			}
		},
		{
			"__comment": "Voxels",
			"from": [ 12, 4, 4 ],
			"to": [ 13, 5, 5 ],
			"faces": {
				"down": { "uv": [ 11.5, 7.5, 11.75, 7.75 ], "texture": "#texture1" },
				"up": { "uv": [ 11.75, 7.75, 12, 7.5 ], "texture": "#texture1" },
				"north": { "uv": [ 12.25, 7.5, 12, 7.75 ], "texture": "#texture1" },
				"south": { "uv": [ 12.25, 7.5, 12.5, 7.75 ], "texture": "#texture1" },
				"west": { "uv": [ 12.5, 7.5, 12.75, 7.75 ], "texture": "#texture1" },
				"east": { "uv": [ 13, 7.5, 12.75, 7.75 ], "texture": "#texture1" }
			}
		},
		{
			"__comment": "Voxels",
			"from": [ 12, 4, 12 ],
			"to": [ 13, 5, 13 ],
			"faces": {
				"down": { "uv": [ 13, 7.5, 13.25, 7.75 ], "texture": "#texture1" },
				"up": { "uv": [ 13.25, 7.75, 13.5, 7.5 ], "texture": "#texture1" },
				"north": { "uv": [ 13.75, 7.5, 13.5, 7.75 ], "texture": "#texture1" },
				"south": { "uv": [ 13.75, 7.5, 14, 7.75 ], "texture": "#texture1" },
				"west": { "uv": [ 14, 7.5, 14.25, 7.75 ], "texture": "#texture1" },
				"east": { "uv": [ 14.5, 7.5, 14.25, 7.75 ], "texture": "#texture1" }
			}
		},
		{
			"__comment": "Voxels",
			"from": [ 12, 4, 14 ],
			"to": [ 13, 5, 15 ],
			"faces": {
				"down": { "uv": [ 14.5, 7.5, 14.75, 7.75 ], "texture": "#texture1" },
				"up": { "uv": [ 14.75, 7.75, 15, 7.5 ], "texture": "#texture1" },
				"north": { "uv": [ 15.25, 7.5, 15, 7.75 ], "texture": "#texture1" },
				"south": { "uv": [ 15.25, 7.5, 15.5, 7.75 ], "texture": "#texture1" },
				"west": { "uv": [ 15.5, 7.5, 15.75, 7.75 ], "texture": "#texture1" },
				"east": { "uv": [ 16, 7.5, 15.75, 7.75 ], "texture": "#texture1" }
			}
		},
		{
			"__comment": "Voxels",
			"from": [ 12, 5, 3 ],
			"to": [ 13, 7, 4 ],
			"faces": {
				"down": { "uv": [ 8.25, 7.25, 8.5, 7.5 ], "texture": "#texture1" },
				"up": { "uv": [ 8.25, 7.25, 8.5, 7 ], "texture": "#texture1" },
				"north": { "uv": [ 7.75, 2, 7.5, 2.5 ], "texture": "#texture1" },
				"south": { "uv": [ 7.5, 1.5, 7.75, 2 ], "texture": "#texture1" },
				"west": { "uv": [ 7.5, 1, 7.75, 1.5 ], "texture": "#texture1" },
				"east": { "uv": [ 7.75, 0.5, 7.5, 1 ], "texture": "#texture1" }
			}
		},
		{
			"__comment": "Voxels",
			"from": [ 12, 5, 13 ],
			"to": [ 13, 6, 14 ],
			"faces": {
				"down": { "uv": [ 8.25, 5.75, 8.5, 6 ], "texture": "#texture1" },
				"up": { "uv": [ 8.25, 5.75, 8.5, 5.5 ], "texture": "#texture1" },
				"north": { "uv": [ 8.5, 5.25, 8.25, 5.5 ], "texture": "#texture1" },
				"south": { "uv": [ 8.25, 5, 8.5, 5.25 ], "texture": "#texture1" },
				"west": { "uv": [ 8.25, 4.75, 8.5, 5 ], "texture": "#texture1" },
				"east": { "uv": [ 8.5, 4.5, 8.25, 4.75 ], "texture": "#texture1" }
			}
		},
		{
			"__comment": "Voxels",
			"from": [ 12, 5, 15 ],
			"to": [ 13, 6, 16 ],
			"faces": {
				"down": { "uv": [ 8.25, 4.25, 8.5, 4.5 ], "texture": "#texture1" },
				"up": { "uv": [ 8.25, 4.25, 8.5, 4 ], "texture": "#texture1" },
				"north": { "uv": [ 8.5, 3.75, 8.25, 4 ], "texture": "#texture1" },
				"south": { "uv": [ 8.25, 3.5, 8.5, 3.75 ], "texture": "#texture1" },
				"west": { "uv": [ 8.25, 3.25, 8.5, 3.5 ], "texture": "#texture1" },
				"east": { "uv": [ 8.5, 3, 8.25, 3.25 ], "texture": "#texture1" }
			}
		},
		{
			"__comment": "Voxels",
			"from": [ 12, 6, 14 ],
			"to": [ 13, 7, 15 ],
			"faces": {
				"down": { "uv": [ 8.25, 2.75, 8.5, 3 ], "texture": "#texture1" },
				"up": { "uv": [ 8.25, 2.75, 8.5, 2.5 ], "texture": "#texture1" },
				"north": { "uv": [ 8.5, 2.25, 8.25, 2.5 ], "texture": "#texture1" },
				"south": { "uv": [ 8.25, 2, 8.5, 2.25 ], "texture": "#texture1" },
				"west": { "uv": [ 8.25, 1.75, 8.5, 2 ], "texture": "#texture1" },
				"east": { "uv": [ 8.5, 1.5, 8.25, 1.75 ], "texture": "#texture1" }
			}
		},
		{
			"__comment": "Voxels",
			"from": [ 12, 6, 16 ],
			"to": [ 13, 7, 17 ],
			"faces": {
				"down": { "uv": [ 8.25, 1.25, 8.5, 1.5 ], "texture": "#texture1" },
				"up": { "uv": [ 8.25, 1.25, 8.5, 1 ], "texture": "#texture1" },
				"north": { "uv": [ 8.5, 0.75, 8.25, 1 ], "texture": "#texture1" },
				"south": { "uv": [ 8.25, 0.5, 8.5, 0.75 ], "texture": "#texture1" },
				"west": { "uv": [ 8.25, 0.25, 8.5, 0.5 ], "texture": "#texture1" },
				"east": { "uv": [ 8.5, 0, 8.25, 0.25 ], "texture": "#texture1" }
			}
		},
		{
			"__comment": "Voxels",
			"from": [ 12, 11, 4 ],
			"to": [ 13, 12, 7 ],
			"faces": {
				"down": { "uv": [ 7.25, 7.5, 7.5, 8.25 ], "texture": "#texture1" },
				"up": { "uv": [ 7.25, 7.5, 7.5, 6.75 ], "texture": "#texture1" },
				"north": { "uv": [ 9.25, 7.25, 9, 7.5 ], "texture": "#texture1" },
				"south": { "uv": [ 9.25, 7.25, 9.5, 7.5 ], "texture": "#texture1" },
				"west": { "uv": [ 7.5, 8, 8.25, 8.25 ], "texture": "#texture1" },
				"east": { "uv": [ 9.5, 8.25, 8.75, 8.5 ], "texture": "#texture1" }
			}
		},
		{
			"__comment": "Voxels",
			"from": [ 13, 4, 3 ],
			"to": [ 14, 5, 4 ],
			"faces": {
				"down": { "uv": [ 10, 7.25, 10.25, 7.5 ], "texture": "#texture1" },
				"up": { "uv": [ 10.25, 7.5, 10.5, 7.25 ], "texture": "#texture1" },
				"north": { "uv": [ 10.75, 7.25, 10.5, 7.5 ], "texture": "#texture1" },
				"south": { "uv": [ 10.75, 7.25, 11, 7.5 ], "texture": "#texture1" },
				"west": { "uv": [ 11, 7.25, 11.25, 7.5 ], "texture": "#texture1" },
				"east": { "uv": [ 11.5, 7.25, 11.25, 7.5 ], "texture": "#texture1" }
			}
		},
		{
			"__comment": "Voxels",
			"from": [ 13, 6, 2 ],
			"to": [ 14, 7, 3 ],
			"faces": {
				"down": { "uv": [ 11.5, 7.25, 11.75, 7.5 ], "texture": "#texture1" },
				"up": { "uv": [ 11.75, 7.5, 12, 7.25 ], "texture": "#texture1" },
				"north": { "uv": [ 12.25, 7.25, 12, 7.5 ], "texture": "#texture1" },
				"south": { "uv": [ 12.25, 7.25, 12.5, 7.5 ], "texture": "#texture1" },
				"west": { "uv": [ 12.5, 7.25, 12.75, 7.5 ], "texture": "#texture1" },
				"east": { "uv": [ 13, 7.25, 12.75, 7.5 ], "texture": "#texture1" }
			}
		}
	],
	"display": {
		"thirdperson_righthand": {
			"rotation":  [ -24, -180, 180 ],
			"translation":  [ -6.024, -4.602, 8.3478 ],
			"scale":  [ 0.8, 0.8, 0.8 ]
		},
		"thirdperson_lefthand": {
			"rotation":  [ -24, -180, 180 ],
			"translation":  [ -6.024, -4.602, 8.3478 ],
			"scale":  [ 0.8, 0.8, 0.8 ]
		},
		"firstperson_righthand": {
			"rotation":  [ 70, 2, 25 ],
			"translation":  [ -0.695, 4.8695, 0 ],
			"scale":  [ 0.5, 0.5, 0.5 ]
		},
		"firstperson_lefthand": {
			"rotation":  [ 70, 2, 25 ],
			"translation":  [ -0.695, 4.8695, 0 ],
			"scale":  [ 0.5, 0.5, 0.5 ]
		},
		"gui": {
			"rotation":  [ 92, -6, 25 ],
			"scale":  [ 0.7, 0.7, 0.7 ]
		},
		"head": {
			"scale":  [ 0.0001, 0.0001, 0.0001 ]
		},
		"ground": {
			"rotation":  [ 90, 0, 0 ],
			"translation":  [ 0, 6, 0 ],
			"scale":  [ 0.7, 0.7, 0.7 ]
		},
		"fixed": {
			"scale":  [ 0.0001, 0.0001, 0.0001 ]
		}
	}
}